,type,name,release_year,release_month,id_imdb,genre
0,Movie,Multiverso,2024,11,tt10225380,Action
1,Movie,Detour 95,2024,10,tt10844184,Action
2,Movie,The Legend of Johnny Jones,2024,10,tt10928904,Action
3,Movie,Slasher House 3,2024,3,tt11078340,Action
4,Movie,Clank and the Golden Scar,2024,10,tt11374514,Action
5,Movie,Furiosa: A Mad Max Saga,2024,5,tt12037194,Action
6,Movie,Danya,2024,,tt12529250,Action
7,Movie,Adrienne,2024,,tt13143064,Action
8,Movie,Hitpig,2024,,tt13176330,Action
9,Movie,Mnemonix,2024,12,tt13590374,Action
10,Movie,Fighter,2024,1,tt13818368,Action
11,Movie,L'Inferno (Remastered),2024,9,tt14114688,Action
12,Movie,Guntur Kaaram,2024,1,tt14564000,Action
13,Movie,Argylle - Tajny szpieg,2024,2,tt15009428,Action
14,Movie,Nothing Unusual,2024,10,tt15127142,Action
15,Movie,Dune: Part Two,2024,3,tt15239678,Action
16,Movie,Sunset Shimmer and the Acidic Universe of Makori,2024,12,tt15535164,Action
17,Movie,Superman: Jubilation,2024,5,tt15661136,Action
18,Movie,Jessica Frost,2024,9,tt4519000,Action
19,Movie,Residence,2024,8,tt5260932,Action
20,Movie,The Tiger's Apprentice,2024,2,tt5834410,Action
21,Movie,Kraven the Hunter,2024,12,tt8790086,Action
22,Movie,Occult Squad,2024,8,tt9633926,Action
23,Movie,Rigged,2024,,tt16401200,Action
24,Movie,Trail Blazers: The Aftermath (Part 1),2024,,tt15716012,Action
25,Movie,Yodha,2024,3,tt16139258,Action
26,Movie,Sheran Di Kaum Punjabi,2024,4,tt16867258,Action
27,Movie,Dying for Living,2024,12,tt17074300,Action
28,Movie,Dead Heist,2024,10,tt17506650,Action
29,Movie,Bade Miyan Chote Miyan,2024,4,tt18072316,Action
30,Movie,Luna in Love,2024,11,tt18340690,Action
31,Movie,The Last Aztec Warrior,2024,5,tt19892640,Action
32,Movie,Kung Fu Panda 4,2024,3,tt21692408,Action
33,Movie,Lal Salaam,2024,2,tt23461428,Action
34,Movie,Karate Kid,2024,6,tt22084516,Action
35,Movie,Agent Narasimha-117,2024,1,tt24948640,Action
36,Movie,The Count of Monte-Cristo,2024,6,tt26446278,Action
37,Movie,The Dark Face,2024,8,tt26685948,Action
38,Movie,Dark Fusion,2024,6,tt27124438,Action
39,Movie,The Experts,2024,5,tt27162200,Action
40,Movie,Blood Pressure,2024,2,tt27168272,Action
41,Movie,Cheese,2024,none,tt27261550,Action
42,Movie,Diamonds and Pearls,2024,1,tt27439361,Action
43,Movie,Pedro Marquez Y la Ines Una Pareja Implacable Los de la Camioneta Gris,2024,1,tt27451262,Action
44,Movie,Sneham,2024,1,tt27478261,Action
45,Movie,Mandya,2024,5,tt27530836,Action
46,Movie,Terminator: Skynet Rising,2024,11,tt27534073,Action
47,Movie,Pimpin Aint Dead Movie,2024,1,tt27601821,Action
48,Movie,Lothorin,2024,7,tt27607129,Action
49,Movie,Rogue Countdown,2024,none,tt27617606,Action
50,Movie,Danger,2024,,tt27625837,Action
51,Movie,Kamen Rider 555 20th: Paradise Regained,2024,2,tt27679654,Action
52,Movie,Lothorin,2024,,tt27814598,Action
53,Movie,Insurgency,2024,,tt27819748,Action
54,Movie,Maybe I Am the Villain,2024,,tt27850011,Action
55,Movie,Chiller,2024,1,tt27895391,Action
56,Movie,Eagle,2024,2,tt28074691,Action
57,Movie,Take Cover,2024,,tt28129054,Action
58,Movie,Final Jeopardy,2024,,tt28208813,Action
59,Movie,Bastar: The Naxal Story,2024,3,tt28221135,Action
60,Movie,Bélico,2024,1,tt28247357,Action
61,Movie,Sith Wars: Episódio III - Fantasmas Dos Sith,2024,12,tt28259467,Action
62,Movie,Rode College,2024,6,tt28350704,Action
63,Movie,Hyena,2024,1,tt28448904,Action
64,Movie,Sheriff: Narko Integriti,2024,4,tt28547912,Action
65,Movie,Sith Wars: Episódio III - Fantasmas Dos Sith,2024,12,tt28642613,Action
66,Movie,Beast from the coffin,2024,11,tt28651600,Action
67,Movie,Killer - The Hunt,2024,7,tt28677683,Action
68,Movie,Gull Lake Vice II: The Delusion Continues,2024,6,tt28743123,Action
69,Movie,Super Vixens 6,2024,1,tt28799527,Action
70,Movie,Gaddar,2024,10,tt28900391,Action
71,Movie,Komandir,2024,2,tt28940336,Action
72,Movie,Zoloto Umalty,2024,4,tt28940477,Action
73,Movie,Continental Split,2024,6,tt29001732,Action
74,Movie,The Crimson Knights,2024,,tt29099328,Action
75,Movie,Chhota Bheem and the Curse of Damyaan,2024,5,tt29114624,Action
76,Movie,EP Break the Multiverse,2024,,tt29117986,Action
77,Movie,Razakar: The Silent Genocide of Hyderabad,2024,4,tt29224742,Action
78,Movie,A Bacon's War,2024,none,tt29354785,Action
79,Movie,SPG,2024,3,tt29426373,Action
80,Movie,Finding Faith,2024,8,tt29453957,Action
81,Movie,Urban Vengeance,2024,4,tt29488411,Action
82,Movie,Soixante minutes,2024,1,tt29538571,Action
83,Movie,Crack: Back in Da Hood,2024,1,tt29632883,Action
84,Movie,Runnin' from Wolves,2024,2,tt29667653,Action
85,Movie,Irani,2024,2,tt29710257,Action
86,Movie,Badland Hunters,2024,1,tt29722855,Action
87,Movie,Halloween: Mal Eterno,2024,10,tt29729330,Action
88,Movie,Tokusou Sentai Dekaranger 20th: Fireball Booster,2024,6,tt29742220,Action
89,Movie,Smoke,2024,2,tt29873265,Action
90,Movie,Kamen Rider Geats: Jyamato Awaking,2024,3,tt29923411,Action
91,Movie,She's God: The Book of Eden,2024,6,tt29940825,Action
92,Movie,Blue Alliance,2024,3,tt29952065,Action
93,Movie,The End of Roblox City,2024,11,tt29961199,Action
94,Movie,Mangampeta,2024,4,tt30048388,Action
95,Movie,Ultraman Blazar the Movie: Tokyo Kaiju Showdown,2024,2,tt30107378,Action
96,Movie,The 9th Raider,2024,3,tt30131675,Action
97,Movie,Tranquility: Ghost Stories,2024,1,tt30248546,Action
98,Movie,Pendekar Awang: Darah Indera Gajah,2024,1,tt30253785,Action
99,Movie,StarGazer: The Need of the Many,2024,1,tt30260415,Action
100,Movie,Batman: Across the Super-Verse,2024,9,tt30270137,Action
101,Movie,Sounds Like A Great Project!,2024,5,tt30275493,Action
102,Movie,Citizen of a Kind,2024,1,tt30364726,Action
103,Movie,Demon Slayer: Kimetsu No Yaiba - To the Hashira Training,2024,2,tt30395619,Action
104,Movie,The Crypto: Dark Justice,2024,11,tt30396321,Action
105,Movie,Lothorin: Part Two,2024,12,tt30399520,Action
106,Movie,Toofan,2024,6,tt30415138,Action
107,Movie,Posledniy ronin,2024,12,tt30425001,Action
108,Movie,Cacophony the Animated Movie,2024,12,tt30446975,Action
109,Movie,Rebellion: War Across Nations,2024,5,tt30470734,Action
110,Movie,Operation Baraat,2024,4,tt30485382,Action
111,Movie,The Magnetic Fighters,2024,11,tt30476573,Action
112,Movie,The Crypto: Beyond,2024,10,tt30609082,Action
113,Movie,Troubleshooters,2024,10,tt30661504,Action
114,Movie,Huan qian,2024,2,tt30698096,Action
115,Movie,Jorge da Capadócia,2024,4,tt30768673,Action
116,Movie,Pariah Volume 1: Every Street Dog Has a Name,2024,2,tt30777379,Action
117,Movie,Boyz,2024,1,tt30808927,Action
118,Movie,Bush Knife,2024,3,tt30810211,Action
119,Movie,V pogone za kamnem,2024,1,tt30811417,Action
120,Movie,Villain,2024,1,tt30828548,Action
121,Movie,S.N.S.O.B - Supernatural Squad of Badasses Part 2,2024,5,tt30842302,Action
122,Movie,Xiao zi,2024,2,tt30842823,Action
123,Movie,Jaque Mate,2024,1,tt30850554,Action
124,Movie,The Expendables,2024,1,tt30850912,Action
125,Movie,Envidia la Película,2024,1,tt30869046,Action
126,Movie,Jiwa 8 Belas,2024,1,tt30887725,Action
127,Movie,Fast Furious,2024,1,tt30895352,Action
128,Movie,Chinatown Chacha,2024,1,tt30957694,Action
129,Movie,Lam see gip on,2024,1,tt30958950,Action
130,Movie,The Die Hard,2024,1,tt30961629,Action
131,Movie,Deserved It,2024,2,tt30970075,Action
132,Movie,Article 370,2024,2,tt30970235,Action
133,Movie,Torch Jamaica Drug Lord,2024,1,tt30970690,Action
134,Movie,Eye for an Eye 2,2024,2,tt30972810,Action
135,Movie,Hell City,2024,none,tt30979442,Action
136,Movie,The Dark Night,2024,1,tt30981375,Action
137,Movie,Sehnsucht nach Firdaws,2024,1,tt30984911,Action
138,Movie,Get Close 2,2024,6,tt30985567,Action
139,Movie,Samandar,2024,5,tt30985568,Action
140,Movie,Ohsama Sentai King-Ohger vs. Kyoryuger,2024,4,tt30990790,Action
141,Movie,Ohsama Sentai King-Ohger vs. Donbrothers,2024,4,tt30990872,Action
142,Movie,Avengers,2024,1,tt30997271,Action
143,Movie,Back for Life,2024,9,tt30996130,Action
144,Movie,Bonnie,2024,2,tt31022272,Action
145,Movie,Behind Enemy Lines,2024,1,tt31023788,Action
146,Movie,The Vent,2024,2,tt31029252,Action
147,Movie,Super Vixens 7,2024,6,tt31038701,Action
148,Movie,The Alexandrian,2024,1,tt31048146,Action
149,Movie,Sarkari Rozgaar,2024,11,tt31068530,Action
150,Movie,Mandya Haida,2024,2,tt31079401,Action
151,Movie,Fast Atlanta,2024,4,tt31093131,Action
152,Movie,Malditos fantasmas,2024,10,tt31115532,Action
153,Movie,Megamind och Undergångssyndikatet,2024,3,tt31122323,Action
154,Movie,E-mail,2024,2,tt31149938,Action
155,Movie,Xi zhuang bao tu,2024,1,tt31152127,Action
156,Movie,Kizumonogatari: Koyomi Vamp,2024,1,tt31152166,Action
157,Movie,Rooban,2024,4,tt31152181,Action
158,Movie,Crypto Storm,2024,1,tt31159130,Action
159,Movie,Wayward,2024,12,tt31169791,Action
160,Movie,The Queens Ball,2024,5,tt31171309,Action
161,Movie,Tal Matal,2024,2,tt31194647,Action
162,Movie,Pikmin Forever,2024,1,tt31215789,Action
163,Movie,Ajay Gadu,2024,1,tt31216055,Action
164,Movie,The One and Only: Spider-Man,2024,5,tt31241468,Action
165,Movie,ChickenMan,2024,1,tt31250810,Action
166,Movie,Zakhvat,2024,2,tt31258919,Action
167,Movie,Happy Dragons,2024,2,tt31261135,Action
168,Movie,I Heart Robots,2024,none,tt31306866,Action
169,Movie,Koresha,2024,10,tt31308511,Action
170,Movie,Jurassic Exorcist,2024,9,tt31311119,Action
171,Movie,RedSin: Martyrs of Dissent,2024,2,tt31313928,Action
172,Movie,Janna Endoro,2024,2,tt31315486,Action
173,Movie,Enimey Nangadha Head Lines,2024,4,tt31321746,Action
174,Movie,Oversteer,2024,1,tt31383416,Action
175,Movie,In the Woods,2024,,tt31389264,Action
176,Movie,Bharkhama,2024,7,tt31389684,Action
177,Movie,Taxi Bosses,2024,1,tt31383093,Action
178,Movie,Jimmy's Friends,2024,3,tt31408607,Action
179,Movie,2032: Pako Varissuolta,2024,2,tt31435118,Action
180,Movie,Miles Morales: A New Hero,2024,,tt31450653,Action
181,Movie,Beyond: Part One,2024,10,tt31451138,Action
182,Movie,Kingudamu Daishôgun no Kikan,2024,7,tt31457736,Action
183,Movie,Too Little Too Late,2024,2,tt31456573,Action
184,Movie,Raja 420,2024,4,tt31462825,Action
185,Movie,Zen Fist,2024,2,tt31492821,Action
186,Movie,Mo lu kuang dao,2024,3,tt31494700,Action
187,Movie,Marni: The Story of Wewe Gombel,2024,6,tt31495280,Action
188,Movie,The Brofessors Return,2024,3,tt31511073,Action
189,Movie,Half Moon Bay,2024,7,tt31513054,Action
190,Movie,Sicarius,2024,3,tt31521633,Action
191,Movie,The Grey Man,2024,2,tt31523052,Action
192,Movie,Snow White and the Seven Samurai,2024,3,tt31530596,Action
193,Movie,Another Space: Part One,2024,10,tt31545409,Action
194,Movie,A Lonely Place to Die,2024,3,tt31546944,Action
195,Movie,Pakal Iravu,2024,,tt31583554,Action
196,Movie,Rang De Basanti,2024,6,tt31591241,Action
197,Movie,Holy Punch,2024,3,tt31597833,Action
198,Movie,Dora du Gaza,2024,4,tt31608769,Action
199,Movie,Vakoojakoulun Varamiehet,2024,3,tt31614338,Action
200,Movie,Dink Legacy,2024,3,tt31615423,Action
201,Movie,Tiger's Trigger,2024,3,tt31624202,Action
202,Movie,The Circuit 4: Faith Fighter,2024,9,tt31629710,Action
203,Movie,Died Doin Dirty Work,2024,4,tt31630821,Action
204,Movie,Hijack 1971,2024,6,tt31624258,Action
205,Movie,Isabella: Diary of A Foster Girl,2024,none,tt31638408,Action
206,Movie,"Bernadotte, Louise & Napoleon",2024,7,tt31644773,Action
207,Movie,Anaconda,2024,3,tt31645102,Action
208,Movie,Remand,2024,9,tt31645600,Action
209,Movie,Robbin' Hoods,2024,3,tt31690646,Action
210,Movie,The Birth,2024,6,tt31692378,Action
211,Movie,Ji e,2024,2,tt31704401,Action
212,Movie,Justice League: Crisis on Infinite Earths - Part Two,2024,4,tt30150907,Action
213,Movie,PW V: Tears of the Fallen,2024,1,tt31066103,Action
214,Movie,Akabane Honeko no Bodyguard,2024,8,tt31557623,Action
215,Movie,Las Viudas del Capo 2,2024,3,tt31563873,Action
216,Movie,Karate Cops,2024,2,tt31718662,Action
217,Movie,Maverick from the edge,2024,2,tt31721742,Action
218,Movie,Surrender,2024,4,tt31725814,Action
219,Movie,The Club III,2024,8,tt31790164,Action
220,Movie,Hattichhap,2024,2,tt31789137,Action
221,Movie,Yamadheera,2024,3,tt31804488,Action
222,Movie,Wonderful Precure! The Movie! Doki Doki Game no Sekai de Daiboken,2024,9,tt31806053,Action
223,Movie,Dragon,2024,3,tt31806068,Action
224,Movie,Rebel,2024,5,tt31850446,Action
225,Movie,Di Renjie zhi Tongtian xuan an,2024,2,tt31851880,Action
226,Movie,Baki Hanma VS Kengan Ashura,2024,6,tt31869664,Action
227,Movie,Kek 2,2024,5,tt31888121,Action
228,Movie,Gauri Shankar ki Prem Kahani,2024,,tt31898764,Action
229,Movie,Red vs. Blue: Restoration,2024,5,tt31946567,Action
230,Movie,Pottel,2024,none,tt31948043,Action
231,Movie,"La Protegida, La Película",2024,3,tt31948772,Action
232,Movie,Jongli,2024,6,tt31951179,Action
233,Movie,Simhadwani,2024,4,tt31962200,Action
234,Movie,Tian Keng Ying Lie,2024,4,tt31973838,Action
235,Movie,Mercy Killing,2024,4,tt31986077,Action
236,Movie,The SML YTP Movie 2: Dimension Trouble,2024,3,tt32009405,Action
237,Movie,Appu,2024,4,tt32020028,Action
238,Movie,Correr para Vivir,2024,4,tt32027823,Action
239,Movie,The Codes of War,2024,none,tt32044730,Action
240,Movie,Bride with the white hair,2024,none,tt32058493,Action
241,Movie,Tales Beyond the Galaxy,2024,none,tt32044814,Action
242,Movie,Sayen: La Cazadora,2024,4,tt32063728,Action
243,Movie,Kung Fu,2024,none,tt32080771,Action
244,Movie,Roudhra Rupaya,2024,4,tt32081990,Action
245,Movie,"I, The Executioner",2024,5,tt32086021,Action
246,Movie,Die Hart 2: Die Harter,2024,5,tt32094375,Action
247,Movie,Soy creativa,2024,3,tt31722836,Action
248,Movie,Firework,2024,6,tt31778961,Action
249,Movie,Hard Ride,2024,4,tt32031888,Action
250,Movie,Captain Toad and the Mystery Mine,2024,4,tt32109331,Action
251,Movie,Neighborhood War: The Movie,2024,7,tt32110003,Action
252,Movie,Governor's Plea,2024,2,tt32110151,Action
253,Movie,COMBAT Code: Hunt,2024,4,tt32119112,Action
254,Movie,The Lord of the Monsters,2024,3,tt32126636,Action
255,Movie,Nenu Keerthana,2024,,tt32130925,Action
256,Movie,The Mortician,2024,4,tt32132740,Action
257,Movie,Seetha Kalyana Vaibhogame,2024,6,tt32134802,Action
258,Movie,The Manizer,2024,none,tt32132901,Action
259,Movie,Memes & Nightmares,2024,6,tt32147189,Action
260,Movie,They're Here,2024,6,tt32150467,Action
261,Movie,Full Throttle 2,2024,4,tt32150914,Action
262,Movie,Charming Men: Part 2 - Camilla,2024,6,tt32151168,Action
263,Movie,Kaale Angrej,2024,4,tt32151823,Action
264,Movie,The Incredible 7,2024,5,tt32160590,Action
265,Movie,No More Awesome Action Movies,2024,12,tt32161271,Action
266,Movie,Guide,2024,2,tt32161844,Action
267,Movie,Vampires Saga,2024,,tt32161887,Action
268,Movie,My Hero Academia the Movie: You're Next,2024,8,tt32176689,Action
269,Movie,Abudeka Is Back,2024,5,tt32176659,Action
270,Movie,Kamen Rider Gotchard: The Future Daybreak,2024,7,tt32187228,Action
271,Movie,Brotherhood of Blades 3: The Embroidered Sword,2024,4,tt32192757,Action
272,Movie,Lorry Chapter-1,2024,8,tt32206571,Action
273,Movie,Partner Kannada,2024,4,tt32207504,Action
274,Movie,Royal Flush,2024,4,tt32214314,Action
275,Movie,Beacon of ming,2024,,tt32216057,Action
276,Movie,Super Vixens 8,2024,9,tt32219579,Action
277,Movie,No Time to Spy: A Loud House Movie,2024,6,tt32223312,Action
278,Movie,Juz (fight against drugs),2024,8,tt32230604,Action
279,Movie,Athhoi,2024,6,tt32241523,Action
280,Movie,School of Magical Animals 3,2024,9,tt32241578,Action
281,Movie,Unglorified,2024,6,tt32253253,Action
282,Movie,Bodyguard for Sweetheart,2024,6,tt32254400,Action
283,Movie,Bloodline,2024,5,tt32254860,Action
284,Movie,Carjorski Clan: Tale of the Fallen Knight,2024,8,tt32258691,Action
285,Movie,Spider-Man: Dimension Rift,2024,3,tt32263034,Action
286,Movie,Quantum Supremacy,2024,12,tt32263577,Action
287,Movie,La Ley de mi Raza,2024,4,tt32276885,Action
288,Movie,Bandida: A Número Um,2024,6,tt32277622,Action
289,Movie,Mu,2024,none,tt32277946,Action
290,Movie,Opasni shmatki,2024,4,tt32292858,Action
291,Movie,"War, Royal and Family/Impi Yobukhosi No Sapho",2024,1,tt32296336,Action
292,Movie,Savi,2024,5,tt32308617,Action
293,Movie,Purushothamudu,2024,5,tt32307843,Action
294,Movie,How to Rob a Bank,2024,6,tt32308418,Action
295,Movie,Mustaqim,2024,4,tt32323204,Action
296,Movie,Cruel War,2024,3,tt32323733,Action
297,Movie,Road Wars: Max Fury,2024,5,tt32338670,Action
298,Movie,Shekko,2024,4,tt32341799,Action
299,Movie,'Descontrol',2024,4,tt32350746,Action
300,Movie,Savi,2024,5,tt32356982,Action
301,Movie,Inkabi,2024,3,tt32365822,Action
302,Movie,Dirty Fellow,2024,5,tt32368060,Action
303,Movie,The Package,2024,4,tt32368135,Action
304,Movie,Desi Fantom (Punjabi),2024,,tt32369814,Action
305,Movie,Mutant,2024,5,tt32386443,Action
306,Movie,Karma,2024,6,tt32393172,Action
307,Movie,Surge of Power: Where There's Smoke,2024,8,tt32393674,Action
308,Movie,"Fool Me Once, Revenge on You",2024,4,tt32394692,Action
309,Movie,Bloods of Glasgow,2024,2,tt32400006,Action
310,Movie,Dünya Mali - Eksi Bir,2024,5,tt32429521,Action
311,Movie,Azotes de Barrio 2,2024,5,tt32434930,Action
312,Movie,Xiong Shi Shao Nian 2,2024,,tt32439604,Action
313,Movie,Saint Oniisan: The Movie ~Holy Men vs Akuma Gundan,2024,12,tt32446009,Action
314,Movie,Bring Back the Colour,2024,1,tt32453990,Action
315,Movie,Zêgapein STA,2024,8,tt32477753,Action
316,Movie,El Otro Joaquín,2024,5,tt32483165,Action
317,Movie,"The Triangulation of Olga, Miyoko & Latoiya",2024,5,tt32483425,Action
318,Movie,Big Brother,2024,5,tt32491118,Action
319,Movie,Aquila,2024,5,tt32452631,Action
320,Movie,Jurassic Juggernauts,2024,10,tt32524819,Action
321,Movie,Mummy Shark,2024,10,tt32525522,Action
322,Movie,The Yoshi Movie,2024,3,tt32536035,Action
323,Movie,Boxed in,2024,5,tt32552613,Action
324,Movie,Day of the Wicked,2024,none,tt32559640,Action
325,Movie,Outcome,2024,6,tt32563064,Action
326,Movie,King of UP,2024,1,tt32575647,Action
327,Movie,Sin reglas... combate a muerte,2024,5,tt32579058,Action
328,Movie,Lakeside's Mission: Impossible,2024,6,tt32589718,Action
329,Movie,Dark World,2024,6,tt32589808,Action
330,Movie,A Hero is Born,2024,7,tt32592573,Action
331,Movie,Revenge,2024,6,tt32600501,Action
332,Movie,Dirty Hands,2024,10,tt32381152,Action
333,Movie,Baby Assassins: Nice Days,2024,9,tt32382919,Action
334,Movie,Abnormal: Buas,2024,6,tt32409978,Action
335,Movie,Firewire Sniper,2024,,tt32573817,Action
336,Movie,City of Shadows,2024,,tt32635465,Action
337,Movie,Widowmaker,2024,12,tt32635877,Action
338,Movie,Give Me Babies,2024,5,tt32637137,Action
339,Movie,Bagundi,2024,,tt32641580,Action
340,Movie,Mafia wars,2024,3,tt32642556,Action
341,Movie,Ralph and Friends in New York,2024,12,tt32642579,Action
342,Movie,Young Love,2024,9,tt32642807,Action
343,Movie,La Venganza De Una Madre,2024,1,tt32649985,Action
344,Movie,Preventer,2024,11,tt32658244,Action
345,Movie,Night-shift Mannequin,2024,1,tt32670677,Action
346,Movie,Sathaan,2024,,tt32677501,Action
347,Movie,The Perfect Side Order,2024,,tt32732455,Action
348,Movie,The Pie Man,2024,4,tt32739984,Action
349,Movie,Operation Undead,2024,8,tt32750439,Action
350,Movie,Dragon Ball Kai: Doragon Bôru Kai,2024,6,tt32752865,Action
351,Movie,The Bottom Line,2024,7,tt32765408,Action
352,Movie,Pikmin Destruction,2024,6,tt32769006,Action
353,Movie,Wrong Number,2024,7,tt32799496,Action
354,Movie,Fûto Tantei: Kamen Rider Skull no Shôzô,2024,11,tt32809227,Action
355,Movie,Yuddha - The warrior of life,2024,,tt32813052,Action
356,Movie,The Carvzear,2024,9,tt32820492,Action
357,Movie,Demon Slayer: Kimetsu no Yaiba Infinity Castle,2024,,tt32820897,Action
358,Movie,Deal - Telugu,2024,9,tt32827720,Action
359,Movie,Best Cop Ever,2024,3,tt32828584,Action
360,Movie,Voltage,2024,7,tt32844548,Action
361,Movie,The Flash,2023,6,tt0439572,Action
362,Movie,Shazam! Fury of the Gods,2023,3,tt10151854,Action
363,Movie,John Wick: Chapitre 4,2023,3,tt10366206,Action
364,Movie,Miraculous: Filmen om Ladybug & Cat Noir,2023,7,tt10364034,Action
365,Movie,Scavenger,2023,,tt10471692,Action
366,Movie,The Hunger Games: The Ballad of Songbirds & Snakes,2023,11,tt10545296,Action
367,Movie,The Marvels,2023,11,tt10676048,Action
368,Movie,Ant-Man and the Wasp: Quantumania,2023,2,tt10954600,Action
369,Movie,Untitled The Mafia: Payback Sequel,2023,,tt10955900,Action
370,Movie,Dark City: Interval_575,2023,9,tt11230362,Action
371,Movie,The Out-Laws,2023,7,tt11274492,Action
372,Movie,Extraordinary Sacrifice,2023,,tt11601444,Action
373,Movie,Gold Rush,2023,,tt11705740,Action
374,Movie,Untitled Project Valentina Sequel,2023,,tt11872772,Action
375,Movie,Bugsy the Becoming,2023,8,tt11972054,Action
376,Movie,Varisu,2023,1,tt11998558,Action
377,Movie,65,2023,3,tt12261776,Action
378,Movie,Extraction II,2023,6,tt12263384,Action
379,Movie,Eímai o Theós,2023,3,tt12283024,Action
380,Movie,Getting to the Plug,2023,2,tt12422694,Action
381,Movie,Les Trois Mousquetaires - Milady,2023,12,tt12672620,Action
382,Movie,The Three Musketeers - Part I: D'Artagnan,2023,4,tt12672536,Action
383,Movie,The Caller,2023,,tt12902374,Action
384,Movie,Adipurush,2023,6,tt12915716,Action
385,Movie,Operation Fortune,2023,1,tt7985704,Action
386,Movie,Shehzada,2023,4,tt13130948,Action
387,Movie,Mission Majnu,2023,1,tt13131232,Action
388,Movie,Bholaa Shankar,2023,8,tt13131610,Action
389,Movie,Ground Zero,2023,6,tt13186618,Action
390,Movie,Little Dixie,2023,2,tt13614388,Action
391,Movie,Choppa City Queens,2023,5,tt13640794,Action
392,Movie,Arbitrium: The Final Days,2023,,tt13681698,Action
393,Movie,Animal,2023,12,tt13751694,Action
394,Movie,Fast & Furious X,2023,5,tt5433140,Action
395,Movie,The Assassin Unleashed,2023,12,tt13808564,Action
396,Movie,Spider-Man: Lotus,2023,8,tt13904644,Action
397,Movie,Bratri,2023,10,tt14232442,Action
398,Movie,Shin Kamen Rider,2023,3,tt14379088,Action
399,Movie,Aagun Pakhi: The Midnight Club Chronicles,2023,11,tt14384196,Action
400,Movie,Gunfight at Rio Bravo,2023,1,tt14388612,Action
401,Movie,Indiana Jones and the Dial of Destiny,2023,6,tt1462764,Action
402,Movie,SoulHood Saga II: The Finale,2023,5,tt14681272,Action
403,Movie,Burning Love,2023,11,tt14709996,Action
404,Movie,Untitled Marvel Disney (June 2023),2023,6,tt14743384,Action
405,Movie,John Burrows,2023,3,tt15056712,Action
406,Movie,Fast & Furious: A Fan-Film,2023,8,tt15145972,Action
407,Movie,Jade Brooks Must Die!,2023,6,tt15179658,Action
408,Movie,Hadik,2023,3,tt15299406,Action
409,Movie,Rudhran,2023,4,tt15303192,Action
410,Movie,Ride On,2023,4,tt15430628,Action
411,Movie,Spider-Man: Bad Reputation,2023,11,tt15477560,Action
412,Movie,The Obstacle,2023,4,tt15614148,Action
413,Movie,Return of the Dark,2023,7,tt15673502,Action
414,Movie,Dungeons & Dragons: Ehre unter Dieben,2023,3,tt2906216,Action
415,Movie,The Last Deal,2023,2,tt3326138,Action
416,Movie,129,2023,3,tt3566610,Action
417,Movie,Out for Vengeance,2023,9,tt4303846,Action
418,Movie,Transformers: Rise of the Beasts,2023,6,tt5090568,Action
419,Movie,Taeter Burger,2023,10,tt5776252,Action
420,Movie,Migration,2023,12,tt6495056,Action
421,Movie,Mercy & Compassion,2023,3,tt16793230,Action
422,Movie,Aquaman a ztracené království,2023,12,tt9663764,Action
423,Movie,Statica,2023,3,tt7984562,Action
424,Movie,The Mother,2023,5,tt6968614,Action
425,Movie,Heavy Duty Man,2023,12,tt16429084,Action
426,Movie,Trail Blazers: The Conquest,2023,,tt15716002,Action
427,Movie,Assassin Club,2023,7,tt7720142,Action
428,Movie,End of Loyalty,2023,3,tt15811964,Action
429,Movie,The Old Way,2023,6,tt8593824,Action
430,Movie,Blue Beetle,2023,8,tt9362930,Action
431,Movie,Black Lotus,2023,4,tt15895490,Action
432,Movie,The Color of Greene,2023,1,tt16308356,Action
433,Movie,Drain Away: Is Pure Longing a Sin?,2023,3,tt7995640,Action
434,Movie,The Breeding Frenzy,2023,,tt9788538,Action
435,Movie,Gridman Universe,2023,3,tt16418362,Action
436,Movie,PAW Patrol: The Mighty Movie,2023,10,tt15837338,Action
437,Movie,The One,2023,,tt15769364,Action
438,Movie,Guardians of the Galaxy Vol. 3,2023,5,tt6791350,Action
439,Movie,Target Number One,2023,12,tt8035464,Action
440,Movie,Nelayan,2023,11,tt16310240,Action
441,Movie,Bull,2023,,tt15731658,Action
442,Movie,Révolutionnaire,2023,4,tt9390520,Action
443,Movie,Talk to the Gun: Momentum,2023,8,tt7184154,Action
444,Movie,Father & Soldier,2023,,tt15769220,Action
445,Movie,Teenage Mutant Ninja Turtles: Mutant Mayhem,2023,8,tt8589698,Action
446,Movie,38 Minutes,2023,1,tt16349772,Action
447,Movie,Spider-Man: Across the Spider-Verse,2023,6,tt9362722,Action
448,Movie,Raakshasa Kaavyam,2023,10,tt16058988,Action
449,Movie,Mission: Impossible - Dead Reckoning Part One,2023,7,tt9603212,Action
450,Movie,Hidden Strike,2023,7,tt6879446,Action
451,Movie,Topannah,2023,3,tt16361586,Action
452,Movie,Free State,2023,9,tt16428782,Action
453,Movie,King Street,2023,1,tt9910302,Action
454,Movie,Demons of Hell,2023,9,tt16960394,Action
455,Movie,Phoney,2023,4,tt17322408,Action
456,Movie,Spider-man: With Great Power,2023,,tt17338918,Action
457,Movie,Love of Money,2023,2,tt17497862,Action
458,Movie,The Gift,2023,3,tt17499172,Action
459,Movie,The Phoney,2023,4,tt17499656,Action
460,Movie,The House of God,2023,,tt17509628,Action
461,Movie,Spider-Man: Rise of a Hero,2023,3,tt18296850,Action
462,Movie,Back to the Present!,2023,6,tt18302086,Action
463,Movie,Electro,2023,4,tt18310956,Action
464,Movie,El Sicario 2,2023,1,tt18395292,Action
465,Movie,Intensive Purposes,2023,7,tt18411792,Action
466,Movie,Tiger 3,2023,11,tt18411490,Action
467,Movie,Mobile suit gundam wing the movie,2023,11,tt18667352,Action
468,Movie,Turgut Reis - Dragut,2023,9,tt18777074,Action
469,Movie,Crimson Saints,2023,,tt18925102,Action
470,Movie,John henry man of steel the movie,2023,11,tt18926960,Action
471,Movie,The Oath,2023,12,tt18925050,Action
472,Movie,The Origins,2023,12,tt18912278,Action
473,Movie,Martian manhunter the movie,2023,11,tt18953060,Action
474,Movie,Superboy prime the movie,2023,11,tt18969190,Action
475,Movie,Spiderman unlimited the movie,2023,11,tt18969216,Action
476,Movie,Android kikaider the movie,2023,11,tt18990260,Action
477,Movie,Yugioh the movie,2023,11,tt18990216,Action
478,Movie,Convict,2023,,tt19113854,Action
479,Movie,Mastná Pliaga,2023,8,tt19077558,Action
480,Movie,The Big O movie,2023,11,tt19358602,Action
481,Movie,Samurai jack the movie,2023,11,tt19358722,Action
482,Movie,Grand Theft auto the movie,2023,11,tt19358704,Action
483,Movie,Ninja Gaiden the movie,2023,11,tt19358674,Action
484,Movie,Static Shock the movie,2023,11,tt19358822,Action
485,Movie,Mortal Kombat: Shaolin Monks the movie,2023,11,tt19358808,Action
486,Movie,Superman one million the movie (D.C one million),2023,11,tt19365520,Action
487,Movie,Nightwing the movie,2023,11,tt19365502,Action
488,Movie,Hard to kill 2,2023,11,tt19365572,Action
489,Movie,Quicksilver the movie,2023,12,tt19365508,Action
490,Movie,Man on fire 2,2023,12,tt19372642,Action
491,Movie,The warriors 2,2023,12,tt19372590,Action
492,Movie,Spawn vs Blade the movie,2023,12,tt19372640,Action
493,Movie,Superman doomsday the movie,2023,12,tt19372704,Action
494,Movie,Superman vs Brainiac the movie,2023,12,tt19372676,Action
495,Movie,Street fighter the movie,2023,12,tt19372716,Action
496,Movie,Mortal Kombat vs D.C Universe the movie,2023,12,tt19383410,Action
497,Movie,Street fighter the movie,2023,12,tt19389862,Action
498,Movie,Tariq,2023,8,tt19394258,Action
499,Movie,Nimona,2023,6,tt19500164,Action
500,Movie,The Quirk,2023,,tt19753612,Action
501,Movie,Bawaal,2023,7,tt19755170,Action
502,Movie,The Insanity: Retribution,2023,10,tt19812128,Action
503,Movie,Madre Tierra,2023,,tt19883074,Action
504,Movie,When Girls Ride,2023,8,tt19884572,Action
505,Movie,Green arrow the movie,2023,12,tt19372648,Action
506,Movie,This War of Mine,2023,5,tt20237154,Action
507,Movie,Lakadbaggha,2023,1,tt20319598,Action
508,Movie,Ett sista race,2023,12,tt20355484,Action
509,Movie,BGil Studios' the Dragonfly: Born Again,2023,9,tt20425440,Action
510,Movie,Static Codes,2023,8,tt20518312,Action
511,Movie,Stereo Crashers,2023,6,tt20722940,Action
512,Movie,The Deceiver,2023,6,tt20754096,Action
513,Movie,Scrappy Bot,2023,6,tt21041232,Action
514,Movie,Daadal,2023,4,tt21141958,Action
515,Movie,Gold-Verse Studios' 'The Grid',2023,12,tt21294600,Action
516,Movie,Hermosa Justicia,2023,4,tt21435580,Action
517,Movie,49,2023,1,tt21741198,Action
518,Movie,Nefes: Yer Eksi Iki,2023,12,tt21941216,Action
519,Movie,What We Become,2023,4,tt21938428,Action
520,Movie,Avgrunden,2023,9,tt22016156,Action
521,Movie,A Season in Hell!,2023,7,tt22185436,Action
522,Movie,Ponniyin Selvan: Part Two,2023,4,tt22444570,Action
523,Movie,Sakra,2023,1,tt22488024,Action
524,Movie,Aliens the Awakening,2023,8,tt22535196,Action
525,Movie,Noryang,2023,12,tt22813112,Action
526,Movie,Burakku Kurôbâ: Mahôtei no Ken,2023,6,tt22868844,Action
527,Movie,Düses 1 - Mafya Sizintisi,2023,1,tt22869636,Action
528,Movie,Surya,2023,1,tt22907680,Action
529,Movie,Omme Nodide,2023,6,tt23024254,Action
530,Movie,I Soli Oscuri,2023,5,tt23037838,Action
531,Movie,Mighty Morphin Power Rangers: Once & Always,2023,4,tt23219684,Action
532,Movie,Godzilla Minus One,2023,12,tt23289160,Action
533,Movie,Amigos,2023,2,tt23490586,Action
534,Movie,Otoban Katilleri,2023,8,tt23546666,Action
535,Movie,Princess Principal: Crown Handler: Chapter 3,2023,4,tt23638846,Action
536,Movie,Da hai guai,2023,1,tt23650066,Action
537,Movie,Das Ka Dhamki,2023,3,tt23745844,Action
538,Movie,Resgate na selva 2023,2023,7,tt23751706,Action
539,Movie,Ninpu Sentai Hurricaneger Degozaru! Shushuuto 20th Anniversary,2023,6,tt23812736,Action
540,Movie,Marca de Sangue(2022/1),2023,7,tt23870054,Action
541,Movie,Ultraman Decker Finale: Journey to Beyond,2023,2,tt23950632,Action
542,Movie,Senapura,2023,3,tt24021742,Action
543,Movie,Do or Die,2023,2,tt24133274,Action
544,Movie,Rapid Action,2023,1,tt24133834,Action
545,Movie,Inherited,2023,10,tt21987648,Action
546,Movie,Ant-Man the Beginning,2023,5,tt22097422,Action
547,Movie,Robot Chicken,2023,11,tt24243464,Action
548,Movie,Wes Diego,2023,3,tt24250570,Action
549,Movie,Selfiee,2023,2,tt24330196,Action
550,Movie,Intikam Oyunlari,2023,4,tt24485282,Action
551,Movie,Junior,2023,8,tt24517876,Action
552,Movie,Coast Guard Malaysia: Ops Helang,2023,2,tt24581070,Action
553,Movie,SSSS.Gridman,2023,1,tt24657462,Action
554,Movie,Gurudev Hoysala,2023,3,tt24787322,Action
555,Movie,Nanatsu no Taizai : Ensa no Edinburgh 2,2023,8,tt25010142,Action
556,Movie,The Come Up,2023,1,tt25049302,Action
557,Movie,Once Upon A Time in Philly Part 2,2023,2,tt25272982,Action
558,Movie,Char Cup Chai,2023,6,tt25376340,Action
559,Movie,SSSS.Dynazenon,2023,3,tt25399466,Action
560,Movie,L'axe lourd,2023,1,tt25402442,Action
561,Movie,Xzee vs OTTWitt,2023,5,tt25402886,Action
562,Movie,Duan Nago Bogho,2023,1,tt25403912,Action
563,Movie,Kingdom: Unmei no Hono,2023,7,tt25406052,Action
564,Movie,Fangbone!,2023,7,tt25431772,Action
565,Movie,Ciu sanging haaigip'on,2023,1,tt25433990,Action
566,Movie,Aadikeshava,2023,11,tt25434168,Action
567,Movie,Phantom,2023,1,tt25503544,Action
568,Movie,Ramachari 2.0,2023,4,tt25504588,Action
569,Movie,Ramachari 2.0,2023,4,tt25504688,Action
570,Movie,Chaser,2023,none,tt25515728,Action
571,Movie,Cop vs. Killer,2023,7,tt25534788,Action
572,Movie,Silence of the 177,2023,1,tt25603198,Action
573,Movie,Nabin: The Rise,2023,1,tt25621878,Action
574,Movie,Malek Al Halaba,2023,6,tt25789044,Action
575,Movie,Talchul: Project Silence,2023,,tt25808194,Action
576,Movie,Streets,2023,1,tt25785622,Action
577,Movie,El Otro Clásico,2023,1,tt25838586,Action
578,Movie,Chasing Days,2023,1,tt25829648,Action
579,Movie,The CEO Arya,2023,1,tt25957158,Action
580,Movie,RiffTrax: In the Line of Duty 2: The Super Cops,2023,1,tt25965878,Action
581,Movie,Error 500,2023,1,tt25966332,Action
582,Movie,Detective Conan: Episode of Ai Haibara - Black Iron Mystery Train,2023,1,tt25994796,Action
583,Movie,Gangster Alla Prankster,2023,none,tt25965790,Action
584,Movie,Puli the 19th Century,2023,3,tt26008716,Action
585,Movie,Suryapet Junction,2023,none,tt26095500,Action
586,Movie,Die Hart: The Movie,2023,2,tt26198528,Action
587,Movie,Psycho-Pass: Providence,2023,5,tt26224944,Action
588,Movie,Black War: Mission Extreme 2,2023,1,tt26230118,Action
589,Movie,Clay Dragons 01: And the Earth Walked Through Fire,2023,1,tt26230448,Action
590,Movie,Inspector Dhakad Singh,2023,1,tt26235046,Action
591,Movie,Rudra the Power,2023,1,tt26244480,Action
592,Movie,Yuki MR,2023,3,tt26253268,Action
593,Movie,Flamingo Heist,2023,12,tt26334415,Action
594,Movie,Juliet 2,2023,2,tt26337526,Action
595,Movie,Among the Beasts,2023,2,tt26343318,Action
596,Movie,Furious Fast Atlanta,2023,1,tt26343494,Action
597,Movie,Breakpoint,2023,11,tt26399737,Action
598,Movie,Adalet,2023,6,tt26370113,Action
599,Movie,2023: A Farce Odyssey,2023,1,tt26421133,Action
600,Movie,Birk & Magna - Gruvens mørke hemmelighet,2023,6,tt26423715,Action
601,Movie,Esquadrão Malakov,2023,,tt26424741,Action
602,Movie,Get Close,2023,3,tt26424938,Action
603,Movie,Baby Walkure 2,2023,3,tt26441659,Action
604,Movie,Rampage Electra,2023,2,tt26442161,Action
605,Movie,Sbagliando s'impara,2023,2,tt26448850,Action
606,Movie,The Silent Service,2023,9,tt26452638,Action
607,Movie,The Invisible Hubby,2023,,tt26451145,Action
608,Movie,Monkey Wrench,2023,3,tt26454609,Action
609,Movie,Love Byrdes,2023,7,tt26457478,Action
610,Movie,Bhalessa,2023,1,tt26457026,Action
611,Movie,Born Fire: Ek Agg,2023,3,tt26470192,Action
612,Movie,Villager News: The Movie,2023,3,tt26474880,Action
613,Movie,Youjuu Kitan Ninja vs Shark,2023,4,tt26475994,Action
614,Movie,Invisible Hacker,2023,1,tt26520259,Action
615,Movie,Demon Slayer: Kimetsu No Yaiba - To the Swordsmith Village,2023,3,tt26537229,Action
616,Movie,Bull,2023,1,tt26537561,Action
617,Movie,The Jadon264 Movie,2023,1,tt26588141,Action
618,Movie,The Shadow of Fire,2023,6,tt26595099,Action
619,Movie,Tokyo Revengers 2: Bloody Halloween - Decisive Battle,2023,11,tt26598867,Action
620,Movie,Ungnami,2023,3,tt26599543,Action
621,Movie,Redeeming Hope,2023,5,tt26599589,Action
622,Movie,Bahadur Sepahi,2023,2,tt26646804,Action
623,Movie,Ramon,2023,2,tt26671035,Action
624,Movie,Cheddy Gang Tamasha,2023,2,tt26659737,Action
625,Movie,Diviners,2023,,tt26672491,Action
626,Movie,Haita de actiune,2023,3,tt26673530,Action
627,Movie,Campus Kranti,2023,2,tt26675352,Action
628,Movie,Resident Evil: Death Island,2023,7,tt26674627,Action
629,Movie,Overflowed,2023,8,tt26679278,Action
630,Movie,Daldal,2023,5,tt26680565,Action
631,Movie,Chhadke 2.0,2023,3,tt26686370,Action
632,Movie,The World in 2080,2023,1,tt26689248,Action
633,Movie,Spider-Man: Blue,2023,12,tt26690200,Action
634,Movie,Janata Bar,2023,none,tt26694732,Action
635,Movie,Ariyavan,2023,3,tt26695646,Action
636,Movie,The Making of Strength of A Woman DVD extra,2023,2,tt26716785,Action
637,Movie,Spray,2023,8,tt26731262,Action
638,Movie,Mary,2023,3,tt26699313,Action
639,Movie,Bandit Shakuntala,2023,6,tt26734089,Action
640,Movie,Ju Ji Shou: Ni Zhan,2023,1,tt26737310,Action
641,Movie,Joker Joker,2023,3,tt26738615,Action
642,Movie,Dollar,2023,5,tt26739307,Action
643,Movie,Chaos,2023,2,tt26744184,Action
644,Movie,Dorr,2023,5,tt26744813,Action
645,Movie,Paraagan,2023,none,tt26753343,Action
646,Movie,Revice Forward: Kamen Rider Live & Evil & Demons,2023,2,tt26756685,Action
647,Movie,Hunting Games,2023,5,tt26771713,Action
648,Movie,Mining - Reyte te Kabzaa,2023,4,tt26773513,Action
649,Movie,Samurai Warrior,2023,2,tt26775395,Action
650,Movie,The Karma Movie: The Lava Warriors,2023,2,tt26786513,Action
651,Movie,Maama Mascheendra,2023,10,tt26787644,Action
652,Movie,Mocro Maffia: Tatta,2023,4,tt26802075,Action
653,Movie,Silver,2023,2,tt26808079,Action
654,Movie,Shin Jigen! Crayon Shin-chan the Movie Chonoryoku Dai Kessen: Tobetobe Temakizushi,2023,8,tt26862791,Action
655,Movie,Baieti Destepti,2023,10,tt26898974,Action
656,Movie,Secuestro y Traición,2023,1,tt26903625,Action
657,Movie,Spider-Man Dead No More (Fan Film),2023,2,tt26910893,Action
658,Movie,Pink Glove,2023,,tt26920060,Action
659,Movie,Baby Assassins 2 Babies,2023,3,tt26920120,Action
660,Movie,Avataro Sentai Donbrothers vs. Zenkaiger,2023,5,tt26920166,Action
661,Movie,Game On,2023,,tt26923601,Action
662,Movie,Super Vixens 5,2023,7,tt26924750,Action
663,Movie,So duk 3: Yun joi tin ngai,2023,7,tt26929966,Action
664,Movie,Raid on the Lethal Zone,2023,8,tt26935935,Action
665,Movie,Touched,2023,none,tt26935973,Action
666,Movie,5 Rounds (Khamas Gawlat),2023,8,tt26940967,Action
667,Movie,Geri Sayim,2023,6,tt26936131,Action
668,Movie,Ashtadigbandhanam,2023,9,tt26999050,Action
669,Movie,Maahi,2023,none,tt27005084,Action
670,Movie,Fire Moon,2023,6,tt27033676,Action
671,Movie,Su ming dao,2023,4,tt27033991,Action
672,Movie,Parari,2023,3,tt27045559,Action
673,Movie,Badcop,2023,6,tt27044975,Action
674,Movie,Mad Cats,2023,9,tt27105752,Action
675,Movie,Sachu Kahu Tu Mane Bahu Game Che,2023,3,tt27118924,Action
676,Movie,Black n White,2023,2,tt27003626,Action
677,Movie,Hombre de Rencor,2023,2,tt27121854,Action
678,Movie,JTdiger1 4: Part 2 (Across Robloxia),2023,6,tt27127392,Action
679,Movie,Yaaran Da Rutbaa,2023,4,tt27127629,Action
680,Movie,Limelight,2023,none,tt27133291,Action
681,Movie,Experiment 5,2023,3,tt27141964,Action
682,Movie,Neelakanta,2023,,tt27142469,Action
683,Movie,Hide and Seek,2023,,tt27138517,Action
684,Movie,Catching Them,2023,10,tt27147468,Action
685,Movie,Ruby Gillman: Teenage Kraken,2023,6,tt27155038,Action
686,Movie,One Way,2023,2,tt27163202,Action
687,Movie,Bear by Dorian Martin,2023,2,tt27164824,Action
688,Movie,Starfall: Crossed Lovers,2023,5,tt27168229,Action
689,Movie,Krysolov,2023,,tt27172508,Action
690,Movie,The Queens Court,2023,2,tt27182841,Action
691,Movie,Spider-Man: Bounty,2023,12,tt27191853,Action
692,Movie,Yevan,2023,4,tt27189765,Action
693,Movie,Creed III Fight Night,2023,3,tt27196982,Action
694,Movie,Art of Love,2023,2,tt27197676,Action
695,Movie,Kill Dating,2023,5,tt27198711,Action
696,Movie,Never Trust Heist Movie,2023,4,tt27201197,Action
697,Movie,AKA,2023,4,tt27197387,Action
698,Movie,VII XII,2023,5,tt27197550,Action
699,Movie,Cold Spring,2023,6,tt27236147,Action
700,Movie,I Am Here,2023,4,tt27239225,Action
701,Movie,Khun Pan 3,2023,3,tt27262404,Action
702,Movie,Skanda: The Attacker,2023,9,tt27328206,Action
703,Movie,Punch,2023,none,tt27329103,Action
704,Movie,Bhoogatha,2023,7,tt27330701,Action
705,Movie,Look Back,2023,,tt27350099,Action
706,Movie,Huey Tum Ajnabi,2023,4,tt27349852,Action
707,Movie,Voltes V: Legacy - The Cinematic Experience,2023,4,tt27384374,Action
708,Movie,Badass Maid,2023,3,tt27405287,Action
709,Movie,¿Qué corre por tus venas?,2023,3,tt27414653,Action
710,Movie,10 Rupees,2023,4,tt27416868,Action
711,Movie,Windmill,2023,5,tt27423198,Action
712,Movie,Spider,2023,5,tt27426096,Action
713,Movie,Os reviento,2023,9,tt27432494,Action
714,Movie,Maku wo Orosuna!,2023,1,tt27432870,Action
715,Movie,Onde Está Deus?,2023,9,tt27433922,Action
716,Movie,Tufang,2023,7,tt27458904,Action
717,Movie,Kill Him,2023,4,tt27480701,Action
718,Movie,Race to the Cloud,2023,4,tt27480852,Action
719,Movie,Medal,2023,6,tt27480881,Action
720,Movie,Murda Boyz - Mahlenska Klasa,2023,4,tt27491085,Action
721,Movie,Harley,2023,4,tt27494059,Action
722,Movie,Fifty Seconds to Kill,2023,8,tt27494518,Action
723,Movie,La Invitación: La Reunión de los Narcos,2023,4,tt27500149,Action
724,Movie,Myal Uprising,2023,4,tt27495620,Action
725,Movie,Bloody Daddy,2023,6,tt27501039,Action
726,Movie,Kubi,2023,11,tt27502365,Action
727,Movie,This is Budget Productions,2023,7,tt27502447,Action
728,Movie,Kennedy,2023,8,tt27502523,Action
729,Movie,Kubi,2023,5,tt27510568,Action
730,Movie,Detective Conan: Black Iron Submarine,2023,7,tt27521477,Action
731,Movie,Rudrangi,2023,7,tt27525239,Action
732,Movie,Mats - The Complete Saga,2023,6,tt27525384,Action
733,Movie,Razboy,2023,1,tt27526051,Action
734,Movie,I Hate Kids Movie 3,2023,4,tt27528354,Action
735,Movie,Oscuro Veneno,2023,,tt27533470,Action
736,Movie,The Childe,2023,6,tt27534328,Action
737,Movie,The Future,2023,8,tt27543593,Action
738,Movie,Un-Adult-erated,2023,3,tt27545154,Action
739,Movie,Assaut,2023,4,tt27548404,Action
740,Movie,Suraari,2023,4,tt27555270,Action
741,Movie,Island Escape,2023,8,tt27564994,Action
742,Movie,Revenge: Australia,2023,,tt27571864,Action
743,Movie,Megalodon: The Frenzy,2023,8,tt27572862,Action
744,Movie,The Guardian,2023,9,tt27598056,Action
745,Movie,Face Off 6: The Ticket of Destiny,2023,4,tt27600524,Action
746,Movie,Sakuchi,2023,2,tt27602036,Action
747,Movie,Mad as Birds,2023,9,tt27608260,Action
748,Movie,Doom Zone,2023,4,tt27613870,Action
749,Movie,Burn the House Down,2023,none,tt27617668,Action
750,Movie,Control Zeta,2023,10,tt27619137,Action
751,Movie,La Coralillo De La Muerte,2023,4,tt27621163,Action
752,Movie,Línea de Tiempo,2023,4,tt27625359,Action
753,Movie,Deep Sea Python,2023,2,tt27626782,Action
754,Movie,Kai Jaarida Preethi,2023,6,tt27627095,Action
755,Movie,Confessions of an Alcoholic Hitman,2023,10,tt27629047,Action
756,Movie,Pathaan 2,2023,3,tt27629283,Action
757,Movie,The Price of Power,2023,12,tt27634352,Action
758,Movie,Monkey King - Rebirth,2023,3,tt27635106,Action
759,Movie,Attack on Titan: The Weight of Pain,2023,4,tt27641028,Action
760,Movie,Raju Ban Gaya Superman,2023,4,tt27647831,Action
761,Movie,Leader: Amie Bangladesh,2023,4,tt27651767,Action
762,Movie,Rihan Kar the biography 2,2023,4,tt27658518,Action
763,Movie,Antham Kadidi Aarambam,2023,11,tt27663541,Action
764,Movie,Qing wen hai you na li xu yao jia qiang,2023,7,tt27671269,Action
765,Movie,Deathpit,2023,none,tt27681314,Action
766,Movie,Deo mun,2023,8,tt27688034,Action
767,Movie,Justice League: Warworld,2023,8,tt27687527,Action
768,Movie,The Crypto,2023,12,tt27710871,Action
769,Movie,Daredevil: The First Defender,2023,10,tt27718017,Action
770,Movie,Harom Hara,2023,12,tt27726727,Action
771,Movie,Chu e: fei che dang,2023,3,tt27727376,Action
772,Movie,iNumber Number: Jozi Gold,2023,6,tt27728519,Action
773,Movie,Dollar,2023,7,tt27736592,Action
774,Movie,À deux reprises,2023,5,tt27745002,Action
775,Movie,Luigi's Mansion,2023,6,tt27776054,Action
776,Movie,Good Job,2023,11,tt27792171,Action
777,Movie,The Mob (Long hu zhi ba),2023,1,tt27797987,Action
778,Movie,Fouja,2023,6,tt27794632,Action
779,Movie,Bhaichara,2023,5,tt27803018,Action
780,Movie,Suman,2023,5,tt27811336,Action
781,Movie,Donki,2023,4,tt27826646,Action
782,Movie,Scene Number 36 Malavika Veedu,2023,6,tt27843946,Action
783,Movie,Call Her King,2023,7,tt27846110,Action
784,Movie,Xi Xing Ji: Anying Mo Cheng,2023,1,tt27847110,Action
785,Movie,Hero of India,2023,5,tt27850437,Action
786,Movie,Revenge,2023,7,tt27850479,Action
787,Movie,For You,2023,9,tt27866810,Action
788,Movie,Hidimbha,2023,7,tt27867635,Action
789,Movie,Ingenious,2023,9,tt27869494,Action
790,Movie,Ego,2023,2,tt27870035,Action
791,Movie,Abhilasha,2023,6,tt27873991,Action
792,Movie,ElBo3bo3,2023,6,tt27881699,Action
793,Movie,Tag,2023,6,tt27881382,Action
794,Movie,The Remake,2023,5,tt27903206,Action
795,Movie,Khiladi,2023,6,tt27907151,Action
796,Movie,Aadiguruvu Amma,2023,6,tt27908542,Action
797,Movie,Gadayuddha,2023,6,tt27908622,Action
798,Movie,Scratch,2023,1,tt27914263,Action
799,Movie,Super Daddy,2023,5,tt27915108,Action
800,Movie,Sri Raghupati,2023,6,tt27916210,Action
801,Movie,The Tale of Our Times,2023,3,tt27924872,Action
802,Movie,Benaqaab Chehre,2023,5,tt27924066,Action
803,Movie,Idhi Naadhi,2023,6,tt27931435,Action
804,Movie,Barashi Fight,2023,7,tt27934962,Action
805,Movie,Cyber Attack,2023,8,tt27936014,Action
806,Movie,1 Rabari Kathe,2023,6,tt27950368,Action
807,Movie,Poye Enugu Poye,2023,6,tt27958071,Action
808,Movie,The Remake,2023,5,tt27976958,Action
809,Movie,La Venganza de Karla Rojas,2023,6,tt27987175,Action
810,Movie,Aar Paar,2023,6,tt27987936,Action
811,Movie,The Engine Inside,2023,6,tt27992273,Action
812,Movie,Ji han zhi cheng,2023,6,tt28019941,Action
813,Movie,Safarzade,2023,7,tt28021918,Action
814,Movie,Falaq,2023,,tt28023319,Action
815,Movie,Malditas,2023,6,tt28037410,Action
816,Movie,CET on Strike,2023,6,tt28080508,Action
817,Movie,Ikigai - Life is a Beautiful Ride,2023,6,tt28084891,Action
818,Movie,No such thing as loyalty 3,2023,none,tt28095114,Action
819,Movie,The Legend of Giga Commando,2023,6,tt28095707,Action
820,Movie,Smugglers,2023,7,tt28106766,Action
821,Movie,Kill City Cup,2023,4,tt28129579,Action
822,Movie,Bloody Business,2023,6,tt28130188,Action
823,Movie,I Am Chandu,2023,6,tt28153763,Action
824,Movie,Breakout,2023,5,tt28156596,Action
825,Movie,The last bet,2023,6,tt28176822,Action
826,Movie,Suryasthamayam 2018,2023,6,tt28183428,Action
827,Movie,Bagha Jatin,2023,10,tt28185525,Action
828,Movie,End Times,2023,7,tt28188398,Action
829,Movie,Antigang: La relève,2023,8,tt28199975,Action
830,Movie,Priyotoma,2023,6,tt28228231,Action
831,Movie,Boyosh Atharo,2023,7,tt28236290,Action
832,Movie,Waaka,2023,4,tt28252217,Action
833,Movie,Mohankrishnas Gang Leader,2023,7,tt28254890,Action
834,Movie,Jadoo,2023,8,tt28260355,Action
835,Movie,The Candidates in the Den of Thieves,2023,8,tt28265572,Action
836,Movie,Shatru,2023,4,tt28265512,Action
837,Movie,El Asesino Del Parque,2023,7,tt28282183,Action
838,Movie,San xian lun hui,2023,4,tt28282465,Action
839,Movie,Sailor Moon Cosmos Part 2,2023,6,tt28284638,Action
840,Movie,Loose Cannon,2023,11,tt28285397,Action
841,Movie,Isle: Alpha One - Pilot,2023,7,tt28295673,Action
842,Movie,Soulcatcher,2023,8,tt28290233,Action
843,Movie,Casino,2023,6,tt28296830,Action
844,Movie,Operacja: Soulcatcher,2023,8,tt28296456,Action
845,Movie,Babaylan,2023,7,tt28309453,Action
846,Movie,The Fighter Suman,2023,7,tt28313591,Action
847,Movie,HONOR: My Final Hours with Arthur Morgan,2023,6,tt28329013,Action
848,Movie,Don Kumara,2023,7,tt28334821,Action
849,Movie,Checkmate,2023,7,tt28362963,Action
850,Movie,Freestyle,2023,9,tt28366647,Action
851,Movie,Greenback,2023,8,tt28363514,Action
852,Movie,Abhiram,2023,,tt28371891,Action
853,Movie,Irattachankan,2023,8,tt28372175,Action
854,Movie,Breakout 3: Battle of a Lifetime,2023,7,tt28377019,Action
855,Movie,Bao feng,2023,4,tt28378144,Action
856,Movie,Dong Bei jing cha gu shi 2,2023,7,tt28378143,Action
857,Movie,Thomas & Friends ERTL Adventures: The Rise of Spamcan,2023,5,tt28399482,Action
858,Movie,Fight for the Token: The Secret Woman,2023,4,tt28418547,Action
859,Movie,Atu Nuvve Itu Nuvve,2023,6,tt28420074,Action
860,Movie,Whisper: Echoes of Dread,2023,10,tt28430394,Action
861,Movie,The Missing of Tribute,2023,9,tt28433023,Action
862,Movie,The Abyss Rescue,2023,4,tt28433011,Action
863,Movie,Princess's Romance,2023,7,tt28433071,Action
864,Movie,The Legend of the Silk Road-Han Yao,2023,5,tt28440729,Action
865,Movie,Gj12 Saga,2023,8,tt28437343,Action
866,Movie,Rocky: The Rambo,2023,6,tt28476170,Action
867,Movie,LEGO Marvel Avengers: Code Red,2023,10,tt28477867,Action
868,Movie,Super Hollow Man,2023,8,tt28478180,Action
869,Movie,The Comeback,2023,7,tt28482763,Action
870,Movie,Crazy Love,2023,7,tt28488203,Action
871,Movie,Aggro Dr1ft,2023,9,tt28494518,Action
872,Movie,Forbidden Zone,2023,7,tt28495752,Action
873,Movie,Hebbuli Telugu,2023,8,tt28495977,Action
874,Movie,Bimba,2023,7,tt28496687,Action
875,Movie,Jigen Daisuke,2023,10,tt28499639,Action
876,Movie,Heavens: The Boy and His Robot,2023,11,tt28501176,Action
877,Movie,Prigusivac,2023,8,tt28503864,Action
878,Movie,Iddaru,2023,7,tt28504269,Action
879,Movie,Operation Blueprint,2023,6,tt28505311,Action
880,Movie,Késárí the King,2023,8,tt28510734,Action
881,Movie,Diamond Cross,2023,7,tt28516701,Action
882,Movie,Machera,2023,7,tt28518852,Action
883,Movie,Dilloney's Omen: A Minecraft Movie,2023,7,tt28519068,Action
884,Movie,Hades - Eine wahre Geschichte,2023,11,tt28526555,Action
885,Movie,Nameless Heroes,2023,8,tt28527455,Action
886,Movie,Sword and Sorrow,2023,7,tt28531336,Action
887,Movie,Tykus,2023,2,tt28537140,Action
888,Movie,Front,2023,8,tt28546606,Action
889,Movie,"The Moon, Sky and You",2023,8,tt28553815,Action
890,Movie,O fugitivo o grande assalto - Parte 1,2023,3,tt28556304,Action
891,Movie,Iron Mask,2023,11,tt28556347,Action
892,Movie,Caillou Gets Grounded: The Movie 2,2023,4,tt28586443,Action
893,Movie,Two Brothers,2023,9,tt28595195,Action
894,Movie,Jigar,2023,none,tt28599914,Action
895,Movie,The Death Game,2023,4,tt28601456,Action
896,Movie,Two Brothers/ll,2023,9,tt28607318,Action
897,Movie,Péssimas Escolhas,2023,7,tt28619824,Action
898,Movie,Para Konusur,2023,9,tt28620337,Action
899,Movie,Reminiscing Shadows,2023,8,tt28620678,Action
900,Movie,Yaalam,2023,8,tt28622242,Action
901,Movie,Opera Makak,2023,none,tt28622853,Action
902,Movie,Rakshak India's Braves,2023,8,tt28635101,Action
903,Movie,The Annoying Kid Movie,2023,8,tt28651593,Action
904,Movie,O.Baby,2023,6,tt28652452,Action
905,Movie,Wake Up,2023,5,tt28662887,Action
906,Movie,Gurkha Warrior,2023,11,tt28664108,Action
907,Movie,The Antarctic Octopus,2023,4,tt28665183,Action
908,Movie,Badge of Honor: To Serve and Protect,2023,8,tt28666309,Action
909,Movie,Below the Belt,2023,none,tt28668069,Action
910,Movie,La Fama De La Pareja,2023,8,tt28669567,Action
911,Movie,FPS: First Person Shooter,2023,9,tt28681130,Action
912,Movie,Ghanoom the Billionaire,2023,8,tt28685940,Action
913,Movie,"Leal 2, Comando Yaguareté",2023,8,tt28690747,Action
914,Movie,Dino Refurbished Movie: Final Destination,2023,11,tt28694027,Action
915,Movie,Safe House 2,2023,5,tt28716997,Action
916,Movie,My Brother Cain 2: Backlash,2023,8,tt28718335,Action
917,Movie,Sathyam,2023,none,tt28744490,Action
918,Movie,Gujarat Ni Story,2023,10,tt28756428,Action
919,Movie,Good Deed Gone Bad,2023,1,tt28756907,Action
920,Movie,The Girl of Destiny,2023,7,tt28769650,Action
921,Movie,CCC,2023,9,tt28772368,Action
922,Movie,Never Forget Jack,2023,5,tt28777154,Action
923,Movie,Thuritham,2023,6,tt28783839,Action
924,Movie,The Purvanchal Files,2023,9,tt28782545,Action
925,Movie,Dust,2023,1,tt28792940,Action
926,Movie,Detrimental,2023,7,tt28800151,Action
927,Movie,Nu zi jian yu,2023,9,tt28814576,Action
928,Movie,Srinivas Vanapalli,2023,2,tt28817883,Action
929,Movie,El Hijo de Luis Pulido,2023,8,tt28833043,Action
930,Movie,Jai Ho,2023,,tt28867816,Action
931,Movie,Uncharted: The Oxus Redemption,2023,11,tt28920380,Action
932,Movie,Kla Fun,2023,11,tt28955168,Action
933,Movie,Mantra Warrior: The Legend of the Eight Moons,2023,10,tt28959712,Action
934,Movie,Allanamiento,2023,8,tt29008954,Action
935,Movie,Detective Dee and the Dragon Fire,2023,6,tt29026139,Action
936,Movie,Franco no Trem do Medo,2023,8,tt29044112,Action
937,Movie,Kill two birds with one stone,2023,,tt29045841,Action
938,Movie,Gun Play,2023,9,tt29057056,Action
939,Movie,En 6 Vaathiyaar Kaalpanthatta Kuzhu,2023,9,tt29076707,Action
940,Movie,Lamb Game,2023,8,tt29079121,Action
941,Movie,This Is Colombia Hpta!,2023,10,tt29077454,Action
942,Movie,Secret Hunt: The Quest of Jammer,2023,9,tt29082207,Action
943,Movie,Rudramkota,2023,9,tt29119032,Action
944,Movie,Ella Baila Sola,2023,8,tt29134864,Action
945,Movie,El Malo,2023,9,tt29138617,Action
946,Movie,Endless Battle,2023,9,tt29141922,Action
947,Movie,The Stranger - Gharib,2023,3,tt29189482,Action
948,Movie,Ipande Yesono (the original sin),2023,7,tt29194193,Action
949,Movie,Ram Naam Satya Hai,2023,8,tt29232191,Action
950,Movie,Picasso Affair,2023,10,tt29245027,Action
951,Movie,Cold as Steel,2023,,tt29251523,Action
952,Movie,Cai xi shi zhi yun ji xian shi,2023,3,tt29252838,Action
953,Movie,Ek Bhagavad Ra Ek Geeta,2023,9,tt29253420,Action
954,Movie,Knuckle Girl,2023,11,tt29253563,Action
955,Movie,What Ya Life Like?,2023,5,tt29259647,Action
956,Movie,Dhaaak,2023,,tt29259253,Action
957,Movie,El duelo,2023,10,tt29266871,Action
958,Movie,Gregory Thunderbolt,2023,1,tt29276048,Action
959,Movie,Kunlun jing,2023,6,tt29278439,Action
960,Movie,Xin feng shen zhi Er Lang Shen,2023,4,tt29280979,Action
961,Movie,Guns Trance Action,2023,10,tt29278671,Action
962,Movie,Nene Saroja,2023,10,tt29284103,Action
963,Movie,Hidden Heroine,2023,4,tt29295453,Action
964,Movie,Zhou chu chu san hai,2023,10,tt29319990,Action
965,Movie,Montecristo,2023,9,tt29334489,Action
966,Movie,Rent a Room,2023,10,tt29340399,Action
967,Movie,Badmashi Bay Darna Pata Kam,2023,6,tt29344129,Action
968,Movie,Malangi,2023,8,tt29344216,Action
969,Movie,The Brotherhood of Rebel,2023,10,tt29348753,Action
970,Movie,Premam 2Two,2023,10,tt29349268,Action
971,Movie,JP Present Gangster Waar,2023,10,tt29349326,Action
972,Movie,Hallution,2023,9,tt29370852,Action
973,Movie,Dark Highway,2023,9,tt29370185,Action
974,Movie,The Amazing Compulsion,2023,7,tt29417269,Action
975,Movie,Turtle Man and DaPhantom: The Lost Origins,2023,6,tt29418449,Action
976,Movie,Turtle Man and DaPhantom: Guardians of Nexus,2023,3,tt29418406,Action
977,Movie,Charlie Jones,2023,,tt29440079,Action
978,Movie,3008,2023,3,tt29437674,Action
979,Movie,Riffs of Revolution,2023,6,tt29434522,Action
980,Movie,Stuntlife: The Motion Picture,2023,9,tt29468121,Action
981,Movie,No Budget Theater,2023,10,tt29468116,Action
982,Movie,Los Hijos de Corrales,2023,10,tt29475742,Action
983,Movie,Slawa,2023,10,tt29481573,Action
984,Movie,Merry Men 3: Nemesis,2023,10,tt29482955,Action
985,Movie,El Halcón: Sed de venganza,2023,10,tt29485013,Action
986,Movie,The Emu War,2023,10,tt29486767,Action
987,Movie,The Roblox Bad Cat Movie,2023,5,tt29494939,Action
988,Movie,The Roblox Bad Cat Movie,2023,5,tt29505762,Action
989,Movie,Bedrock Saga: Director's Cut,2023,3,tt29509777,Action
990,Movie,Sharktopus,2023,10,tt29511037,Action
991,Movie,Ma'am Chief: Shakedown in Seoul,2023,11,tt29513611,Action
992,Movie,The Worlds Divide,2023,11,tt29520177,Action
993,Movie,Khangkhrai,2023,9,tt29521400,Action
994,Movie,Shri Swapankumarer Badami Hyenar Kobole,2023,,tt29522518,Action
995,Movie,Fairtex 'The Real Deal',2023,10,tt29537023,Action
996,Movie,One Man Army,2023,11,tt29540208,Action
997,Movie,The Adventures of the Adventures 3: Hollywood Stars,2023,10,tt29569258,Action
998,Movie,Roblox Titanic: Reimagined,2023,5,tt29594383,Action
999,Movie,Half a Million in Cash,2023,10,tt29595447,Action
1000,Movie,Versilia Experience,2023,9,tt29627281,Action
1001,Movie,18 Warriors,2023,4,tt29686919,Action
1002,Movie,Stoley,2023,10,tt29704696,Action
1003,Movie,Unforgiven Retaliation Is A Must,2023,9,tt29708615,Action
1004,Movie,The Haul Across Aswan,2023,10,tt29714060,Action
1005,Movie,Secret Society 3: 'Til Death,2023,12,tt29705527,Action
1006,Movie,Bangkok Storm,2023,6,tt29715303,Action
1007,Movie,Artcon,2023,,tt29718697,Action
1008,Movie,The Lord Musang King,2023,12,tt29733195,Action
1009,Movie,He Lord Musang King,2023,12,tt29733187,Action
1010,Movie,Bloodfeast! The Adventures of Sgt. Lunch,2023,8,tt29765031,Action
1011,Movie,Pakdondi,2023,10,tt29767722,Action
1012,Movie,Jester: The Movie,2023,11,tt29771539,Action
1013,Movie,Ice,2023,12,tt29780694,Action
1014,Movie,Agent of Solitude,2023,12,tt29794965,Action
1015,Movie,Kamen Rider the Winter Movie: Gotchard & Geats Strongest Chemy Gotcha°Great Operation,2023,12,tt29792231,Action
1016,Movie,Campeón,2023,11,tt29818473,Action
1017,Movie,Upendra Gadi Adda,2023,12,tt29797483,Action
1018,Movie,Narcos Italia - Plata o Plomo,2023,9,tt29871176,Action
1019,Movie,Ngoda,2023,3,tt29885060,Action
1020,Movie,Vyzhivshaya,2023,11,tt29889517,Action
1021,Movie,What She Wants,2023,11,tt29924781,Action
1022,Movie,La scorta del 15 distretto,2023,7,tt29929211,Action
1023,Movie,Rebel Drifters Ride Again,2023,10,tt29930730,Action
1024,Movie,Class by a Soldier,2023,11,tt30049622,Action
1025,Movie,Níobe,2023,9,tt30095615,Action
1026,Movie,Early Apex,2023,11,tt30130407,Action
1027,Movie,Justice League x RWBY: Super Heroes and Huntsmen,2023,,tt30133792,Action
1028,Movie,Drug Stamps,2023,12,tt30138238,Action
1029,Movie,Puterea Probabilitatii,2023,9,tt30139003,Action
1030,Movie,Klantha,2023,12,tt30140879,Action
1031,Movie,La Muerte de Lucio Cabañas,2023,11,tt30182410,Action
1032,Movie,4 Kings 2,2023,11,tt30195433,Action
1033,Movie,Streets Don't Love Nobody,2023,8,tt30217885,Action
1034,Movie,Aluda Film,2023,10,tt30221138,Action
1035,Movie,Martial Mike 2,2023,11,tt30225645,Action
1036,Movie,The Kings of Atlanta Part I/Volume I,2023,4,tt30226911,Action
1037,Movie,The Kings of Atlanta Part II/Volume I,2023,5,tt30226988,Action
1038,Movie,The Kings of Atlanta Part III/Volume I,2023,5,tt30227048,Action
1039,Movie,Was It Worth It?,2023,11,tt30253776,Action
1040,Movie,Coleisum Timeless,2023,12,tt30260884,Action
1041,Movie,Blood Brothers,2023,10,tt30267464,Action
1042,Movie,Luís - O Explorador,2023,11,tt30286333,Action
1043,Movie,Element,2023,11,tt30293063,Action
1044,Movie,Slyth: The Hunt Saga,2023,12,tt30319826,Action
1045,Movie,Tek Yön,2023,12,tt30415013,Action
1046,Movie,Shaan,2023,12,tt30423063,Action
1047,Movie,VX Super Force,2023,7,tt30430994,Action
1048,Movie,Storm City,2023,1,tt30447047,Action
1049,Movie,Rider,2023,12,tt30451025,Action
1050,Movie,Golfinho Fofinho 2: Kanpeki,2023,12,tt30459106,Action
1051,Movie,Modern Warfare: Task II,2023,9,tt30496143,Action
1052,Movie,Lei Zhen Zi of the Creation Gods,2023,4,tt30575629,Action
1053,Movie,Eklavya,2023,8,tt30589977,Action
1054,Movie,3 Films by Marcus Kempton,2023,12,tt30628504,Action
1055,Movie,Code Hanze,2023,12,tt30631440,Action
1056,Movie,Right,2023,12,tt30643742,Action
1057,Movie,Zombies VS Idiots,2023,2,tt30645142,Action
1058,Movie,The Adventures,2023,12,tt30692900,Action
1059,Movie,Mystery Incorporated and the Threshold of Chaos,2023,12,tt30694655,Action
1060,Movie,Wolfpack,2023,12,tt30695631,Action
1061,Movie,Rentame a tu esposa,2023,12,tt30760206,Action
1062,Movie,Thousand Claws Dragon,2023,6,tt30761209,Action
1063,Movie,Azure Dragon Sword,2023,10,tt30761205,Action
1064,Movie,Die Xue Qun Ying,2023,7,tt30761233,Action
1065,Movie,Dark Land (kick them all),2023,4,tt30768795,Action
1066,Movie,Bullitt and The Eye of The Vortex,2023,11,tt30782524,Action
1067,Movie,Ever Victorious,2023,,tt30782714,Action
1068,Movie,Radioactive flesh eating insects,2023,12,tt30784549,Action
1069,Movie,Don Vasco,2023,,tt30785985,Action
1070,Movie,Mtaa Yangu,2023,10,tt30796444,Action
1071,Movie,Unmadam,2023,none,tt30803893,Action
1072,Movie,Vision,2023,12,tt30825650,Action
1073,Movie,Dragon Sword: Ancient Battlefield,2023,1,tt30834547,Action
1074,Movie,Longxing Northern Expedition,2023,6,tt30835429,Action
1075,Movie,Los Dos Compadres,2023,10,tt30874980,Action
1076,Movie,IB71,2023,5,tt30889320,Action
1077,Movie,Tejas,2023,10,tt30889389,Action
1078,Movie,Maria,2023,11,tt30902581,Action
1079,Movie,Shock Wave 2,2023,10,tt30948757,Action
1080,Movie,Raging Fire,2023,11,tt30948798,Action
1081,Movie,Operation Honorable Beggars,2023,11,tt30955082,Action
1082,Movie,The Bullet to the Ballot 2,2023,3,tt30971213,Action
1083,Movie,Super Mario Plush Adventures the Movie 2: Start Over,2023,7,tt30971713,Action
1084,Movie,Golden Eagle. Special Forces (Aka Berkut),2023,,tt31021680,Action
1085,Movie,The lumberjack,2023,,tt31091332,Action
1086,Movie,The End of Bill Smith,2023,10,tt31123249,Action
1087,Movie,Ork,2023,1,tt31145532,Action
1088,Movie,Crash Landing on You: Live in Seoul,2023,11,tt31173399,Action
1089,Movie,TonyJCNJ's Super Groovy Gmod Movie,2023,4,tt31205096,Action
1090,Movie,Tommy: A Power Rangers Story,2023,7,tt31270095,Action
1091,Movie,Tyler Hickman: Filmmaker Showcase,2023,4,tt31438409,Action
1092,Movie,Shen qí san gong zhu,2023,10,tt31444538,Action
1093,Movie,Nu te jing zhi an zhan,2023,4,tt31471191,Action
1094,Movie,A.I. Perversion,2023,,tt31491622,Action
1095,Movie,Mega Highway,2023,7,tt31502228,Action
1096,Movie,Requiem for the Nine Heavens,2023,1,tt31598123,Action
1097,Movie,Ocean's Hidden Secrets,2023,,tt31598945,Action
1098,Movie,Nina,2023,8,tt31541379,Action
1099,Movie,El Rescate de Yolanda Felix,2023,10,tt31563301,Action
1100,Movie,River God Water Strange Story,2023,6,tt31712435,Action
1101,Movie,Supervising Censor of Ming Dynasty,2023,6,tt31720589,Action
1102,Movie,National Secret agent,2023,11,tt31720610,Action
1103,Movie,The Mysterious Death of Royal Family,2023,5,tt31720603,Action
1104,Movie,Pen for Knife,2023,12,tt31720618,Action
1105,Movie,Frank Swiss 3,2023,12,tt31829414,Action
1106,Movie,L'Axe Lourd,2023,1,tt31996126,Action
1107,Movie,Ni Jing Zhui Xiong,2023,12,tt32013224,Action
1108,Movie,Mujer Azteca,2023,5,tt32055676,Action
1109,Movie,The Hairpin of the Rogue,2023,5,tt32084331,Action
1110,Movie,Lop Nor Tomb,2023,8,tt32126588,Action
1111,Movie,The forbidden: mandala,2023,4,tt32126607,Action
1112,Movie,Night of the Dead,2023,,tt32175179,Action
1113,Movie,Ekyaapa,2023,1,tt32214695,Action
1114,Movie,Kino kimenke,2023,1,tt32214687,Action
1115,Movie,Rakshy Wala,2023,12,tt32221466,Action
1116,Movie,Cabrón Y Vago,2023,,tt32236129,Action
1117,Movie,72 Hour Golden Operation,2023,8,tt32278426,Action
1118,Movie,War on Atlus,2023,10,tt32282390,Action
1119,Movie,Stolliez,2023,2,tt32283340,Action
1120,Movie,The InfinityKG9 Movie: GEO-CRISIS,2023,9,tt32292588,Action
1121,Movie,"Brotherhood, Honor and Trust",2023,6,tt32296169,Action
1122,Movie,The Plush Series Movie Remastered,2023,12,tt32307414,Action
1123,Movie,Ghost in the Shell: SAC_2045 the Last Human,2023,11,tt32339908,Action
1124,Movie,The King of Shanghai Beach,2023,9,tt32350075,Action
1125,Movie,The Map of Border,2023,12,tt32357934,Action
1126,Movie,Fanna,2023,9,tt32369583,Action
1127,Movie,Paap,2023,4,tt32370250,Action
1128,Movie,KK Knockout,2023,7,tt32410813,Action
1129,Movie,Zhui long fan wai pian zhi long zheng hu dou,2023,1,tt32412108,Action
1130,Movie,Bokwagter,2023,9,tt32429042,Action
1131,Movie,Murder Scam,2023,,tt32459873,Action
1132,Movie,Killing Time Violently,2023,6,tt32505305,Action
1133,Movie,Grace,2023,11,tt32537382,Action
1134,Movie,Extraordinary Rescue,2023,3,tt32594657,Action
1135,Movie,The General Yu Dayou,2023,5,tt32594819,Action
1136,Movie,Ji Gong,2023,2,tt32595078,Action
1137,Movie,Aadhitya Arunachalam,2023,2,tt32410090,Action
1138,Movie,Tribesman: The Last Red Hunter,2023,5,tt32410252,Action
1139,Movie,Kaaval the Movie,2023,6,tt32410440,Action
1140,Movie,One Second Outside: Breakout 4,2023,12,tt32629027,Action
1141,Movie,Enemigas A Muerte,2023,11,tt32643743,Action
1142,Movie,Onimanji,2023,,tt32645616,Action
1143,Movie,Memphganistan,2023,8,tt32655078,Action
1144,Movie,Peace Rate,2023,10,tt32657017,Action
1145,Movie,Grandson,2023,12,tt32678799,Action
1146,Movie,Mr. Bachelor,2023,1,tt32792273,Action
1147,Movie,Rwda,2023,9,tt32810634,Action
1148,Movie,SF: Double Trouble,2023,8,tt32812068,Action
1149,Movie,Xs Crew' Spiderman: Sekrety Multiwersum - Minecraft Film,2023,12,tt32821655,Action
1150,Movie,Kaali Sarhad,2023,6,tt32828202,Action
1151,Movie,Agila ng Silangan,2023,7,tt32840455,Action
1152,Movie,Satria Dewa: Gatotkaca,2022,6,tt10090058,Action
1153,Movie,Im Westen nichts Neues,2022,10,tt1016150,Action
1154,Movie,Bullet Proof,2022,8,tt10198564,Action
1155,Movie,Strange World,2022,11,tt10298840,Action
1156,Movie,Lightyear,2022,6,tt10298810,Action
1157,Movie,The Contractor,2022,4,tt10323676,Action
1158,Movie,The Final Sacrifice: Directors Cut,2022,3,tt10328046,Action
1159,Movie,Paki,2022,,tt10332372,Action
1160,Movie,Etharkkum Thuninthavan,2022,3,tt10340562,Action
1161,Movie,Ek Love Ya,2022,2,tt10415494,Action
1162,Movie,Prindey,2022,1,tt10428326,Action
1163,Movie,Aylan Baby,2022,3,tt10449310,Action
1164,Movie,Ammonium Nitrate,2022,2,tt10493472,Action
1165,Movie,Padavettu,2022,11,tt10518176,Action
1166,Movie,Dhaakad,2022,5,tt10598156,Action
1167,Movie,Thor: Love and Thunder,2022,7,tt10648342,Action
1168,Movie,Wicked Game,2022,9,tt10671182,Action
1169,Movie,Nikamma,2022,6,tt10687220,Action
1170,Movie,Ponniyin Selvan: Part I,2022,9,tt10701074,Action
1171,Movie,K.G.F: Chapter 2,2022,4,tt10698680,Action
1172,Movie,Bachchhan Paandey,2022,3,tt10699086,Action
1173,Movie,Shin Ultraman,2022,5,tt10737918,Action
1174,Movie,Graves,2022,3,tt10740944,Action
1175,Movie,Abiding,2022,8,tt10743778,Action
1176,Movie,Come Out Fighting,2022,11,tt10788058,Action
1177,Movie,Valimai,2022,2,tt10806040,Action
1178,Movie,The Last Fighter,2022,4,tt10809394,Action
1179,Movie,The Street Avenger,2022,12,tt10921118,Action
1180,Movie,The Black Caesar,2022,,tt10920696,Action
1181,Movie,Kira & El Gin,2022,6,tt10935956,Action
1182,Movie,Widows Walk (The Killing Time - Part 2),2022,,tt10941728,Action
1183,Movie,Veerame Vaagai Soodum,2022,2,tt10981012,Action
1184,Movie,The Killing Time,2022,,tt10988942,Action
1185,Movie,Sri Asih,2022,11,tt10994712,Action
1186,Movie,Plain Sight,2022,,tt11005524,Action
1187,Movie,Virata Parvam,2022,6,tt11023732,Action
1188,Movie,Troll,2022,12,tt11116912,Action
1189,Movie,The Northman,2022,5,tt11138512,Action
1190,Movie,Avarice,2022,9,tt11151916,Action
1191,Movie,Wisdom for Heroes,2022,,tt11237650,Action
1192,Movie,Massive Talent,2022,6,tt11291274,Action
1193,Movie,Beast,2022,4,tt11301946,Action
1194,Movie,A Touch of Vengeance,2022,2,tt11316996,Action
1195,Movie,James,2022,3,tt11379988,Action
1196,Movie,Crow,2022,7,tt11375842,Action
1197,Movie,Eva Genesis,2022,6,tt11382194,Action
1198,Movie,Viduthalai,2022,,tt11396310,Action
1199,Movie,Adanis: Kutsal Kavga,2022,3,tt11409820,Action
1200,Movie,The Junior Squad Returns,2022,12,tt11433000,Action
1201,Movie,The Heritor,2022,,tt11443294,Action
1202,Movie,Karate Man,2022,5,tt11465786,Action
1203,Movie,Jackass Forever,2022,2,tt11466222,Action
1204,Movie,FIR,2022,2,tt11468258,Action
1205,Movie,Sierra,2022,,tt11506802,Action
1206,Movie,Kuruthi Aattam,2022,8,tt11530982,Action
1207,Movie,Acharya,2022,4,tt11563070,Action
1208,Movie,Hong Kong Kong,2022,12,tt11602272,Action
1209,Movie,Ghetto Sushi,2022,10,tt11618112,Action
1210,Movie,Soygun Oyunu: Büyük Vurgun,2022,2,tt11633442,Action
1211,Movie,The Man from Toronto,2022,6,tt11671006,Action
1212,Movie,Renegades,2022,10,tt11696276,Action
1213,Movie,Black Warrant,2022,1,tt11696342,Action
1214,Movie,Wild Soul,2022,,tt11725162,Action
1215,Movie,Cold shot,2022,,tt11731072,Action
1216,Movie,A Mobster's Daughter/The $treetz 3,2022,1,tt11780784,Action
1217,Movie,Ram Setu,2022,10,tt11783766,Action
1218,Movie,Memory,2022,6,tt11827628,Action
1219,Movie,Prey,2022,8,tt11866324,Action
1220,Movie,Heropanti 2,2022,4,tt11873440,Action
1221,Movie,Republic Day,2022,,tt11878964,Action
1222,Movie,Nishana,2022,11,tt11899856,Action
1223,Movie,Ek Villain Returns,2022,7,tt11947158,Action
1224,Movie,Aferzysci. Zle psy,2022,12,tt11951332,Action
1225,Movie,Doppelte Rückzahlung,2022,11,tt11990924,Action
1226,Movie,Violent Night,2022,12,tt12003946,Action
1227,Movie,Vikrant Rona,2022,7,tt12015102,Action
1228,Movie,It's a Cop Thing 2 the Last Laugh,2022,9,tt12035738,Action
1229,Movie,Airborne,2022,2,tt12060242,Action
1230,Movie,Interface,2022,,tt12082426,Action
1231,Movie,Neko Ninja,2022,,tt12093572,Action
1232,Movie,Volta,2022,,tt12223738,Action
1233,Movie,Detective Inspector,2022,12,tt12230756,Action
1234,Movie,שלושה עשר חיים,2022,8,tt12262116,Action
1235,Movie,Outsource,2022,1,tt12330400,Action
1236,Movie,Trail Blazers,2022,,tt12343138,Action
1237,Movie,Crossfire,2022,,tt12346586,Action
1238,Movie,Reús 2,2022,3,tt12372176,Action
1239,Movie,Yoshiplush Ps4: The Movie,2022,,tt12374388,Action
1240,Movie,Sonic the Hedgehog 2,2022,4,tt12412888,Action
1241,Movie,Kingdom 2: To the Far Land,2022,7,tt12415670,Action
1242,Movie,Sarkaru Vaari Paata,2022,5,tt12422308,Action
1243,Movie,Paranormal Activity 8: The Other Side,2022,10,tt12459328,Action
1244,Movie,Short Track Saturday Night,2022,12,tt12468036,Action
1245,Movie,Mahaan,2022,2,tt12472554,Action
1246,Movie,Father's Sons,2022,,tt12552646,Action
1247,Movie,Bullet Train,2022,8,tt12593682,Action
1248,Movie,American Bigfoot,2022,10,tt12598462,Action
1249,Movie,Blade of the 47 Ronin,2022,10,tt12610794,Action
1250,Movie,Vampire Penance-the Atonement of John Wolf,2022,12,tt12623450,Action
1251,Movie,In His Hands: The Emergence,2022,,tt12676990,Action
1252,Movie,The Commando,2022,1,tt12689248,Action
1253,Movie,Gray Justice,2022,,tt12706988,Action
1254,Movie,Untitled Police Story Project,2022,,tt12744066,Action
1255,Movie,Broducers,2022,,tt12768018,Action
1256,Movie,Advancing of ZQ,2022,,tt12787014,Action
1257,Movie,Gangster Wives,2022,1,tt12792472,Action
1258,Movie,Morris Men,2022,10,tt12811368,Action
1259,Movie,Batman: A Beautiful Lie,2022,7,tt12815434,Action
1260,Movie,Hundreds of Beavers,2022,,tt12818328,Action
1261,Movie,Eyes of a Roman,2022,11,tt12840630,Action
1262,Movie,St. George the Iron Soldier,2022,,tt12838910,Action
1263,Movie,Sanctioning Evil,2022,10,tt12844586,Action
1264,Movie,Time Pin,2022,,tt12857646,Action
1265,Movie,Empyrean: Dawn of Light,2022,,tt12857358,Action
1266,Movie,Gye Nyame,2022,,tt12857198,Action
1267,Movie,American Vigilantes,2022,,tt12892766,Action
1268,Movie,O Segundo Homem,2022,1,tt12935690,Action
1269,Movie,Exiled: The Chosen Ones,2022,6,tt12951176,Action
1270,Movie,Commando: Bloodline,2022,11,tt12968322,Action
1271,Movie,Run Away if You Scared,2022,8,tt12991676,Action
1272,Movie,Forced,2022,,tt12989312,Action
1273,Movie,God's Country,2022,12,tt13050412,Action
1274,Movie,Stars and Scars,2022,6,tt13057516,Action
1275,Movie,The Gallant: Thunder in Brazil,2022,,tt13056238,Action
1276,Movie,Savage Salvation,2022,12,tt13055982,Action
1277,Movie,One Way,2022,9,tt13075730,Action
1278,Movie,The Mercenary: Abduction,2022,8,tt13082672,Action
1279,Movie,Batman: Knightfall,2022,12,tt13087500,Action
1280,Movie,Z-Wolf: A Yamcha Story,2022,9,tt13097308,Action
1281,Movie,Godfather,2022,10,tt13130308,Action
1282,Movie,HIT: The First Case,2022,7,tt13130760,Action
1283,Movie,Vikram Vedha,2022,9,tt13131350,Action
1284,Movie,Confession,2022,1,tt13152186,Action
1285,Movie,The Stalking Investigators Movie,2022,12,tt13153938,Action
1286,Movie,Left in the Cold,2022,,tt13173132,Action
1287,Movie,DJ Tillu,2022,2,tt13245502,Action
1288,Movie,The Battle of Bhima Koregaon,2022,,tt13280154,Action
1289,Movie,Khiladi,2022,2,tt13299052,Action
1290,Movie,Sharp Shooter,2022,2,tt13317320,Action
1291,Movie,Day Shift,2022,8,tt13314558,Action
1292,Movie,The Lost City,2022,3,tt13320622,Action
1293,Movie,Ben & Jody,2022,6,tt13393058,Action
1294,Movie,Captain Superb and the Angel of Destiny,2022,7,tt13399120,Action
1295,Movie,The Princess,2022,7,tt13406136,Action
1296,Movie,Four Amigos,2022,9,tt13413498,Action
1297,Movie,Alta Valley,2022,10,tt13414318,Action
1298,Movie,Operation Seawolf,2022,10,tt13429928,Action
1299,Movie,Insider,2022,,tt13440264,Action
1300,Movie,Batman: Aftermath,2022,10,tt13456320,Action
1301,Movie,Aaraattu,2022,2,tt13468976,Action
1302,Movie,Centauro,2022,6,tt13479592,Action
1303,Movie,Mencuri Raden Saleh,2022,8,tt13484872,Action
1304,Movie,BluSavage,2022,,tt13523434,Action
1305,Movie,Yutha Satham,2022,3,tt13535230,Action
1306,Movie,The Wandering Earth 2,2022,1,tt13539646,Action
1307,Movie,S.S: Sabadaço Squad,2022,,tt13556426,Action
1308,Movie,Desert Warrior,2022,,tt13570066,Action
1309,Movie,Queen of the Trap House 2: Taking the Throne,2022,7,tt13586548,Action
1310,Movie,Zero,2022,,tt13598080,Action
1311,Movie,Seoul Vibe,2022,8,tt13611770,Action
1312,Movie,Karmaniacs,2022,7,tt13640942,Action
1313,Movie,End of the Road,2022,9,tt13655328,Action
1314,Movie,Arbitrium: The Final Detail,2022,,tt13681680,Action
1315,Movie,Zone Morte,2022,12,tt13713200,Action
1316,Movie,Cyrus Legacy,2022,12,tt13736292,Action
1317,Movie,Doraemon the Movie: Nobita's Little Star Wars 2021,2022,3,tt13740078,Action
1318,Movie,Stabiliti,2022,2,tt13751370,Action
1319,Movie,Kesisme: Iyi Ki Varsin Eren,2022,1,tt13761148,Action
1320,Movie,Escape the City,2022,6,tt13760064,Action
1321,Movie,Damon's Revenge,2022,1,tt13797216,Action
1322,Movie,TIMJAR,2022,,tt13813112,Action
1323,Movie,AURORA 663,2022,8,tt13818610,Action
1324,Movie,Loin du périph,2022,5,tt13822738,Action
1325,Movie,Crashout,2022,,tt13871510,Action
1326,Movie,Ghani,2022,4,tt13872244,Action
1327,Movie,Trident,2022,6,tt13884670,Action
1328,Movie,Toxic City,2022,,tt13918222,Action
1329,Movie,Black Site,2022,11,tt13918550,Action
1330,Movie,Anek,2022,5,tt13919802,Action
1331,Movie,Ivy + Bean,2022,9,tt13926132,Action
1332,Movie,Sher Gujjar,2022,3,tt13946626,Action
1333,Movie,The Homem Green,2022,1,tt13992328,Action
1334,Movie,Bekleyis,2022,9,tt13996348,Action
1335,Movie,Secret Headquarters,2022,8,tt14001894,Action
1336,Movie,Bheeshmaparvam,2022,3,tt14002046,Action
1337,Movie,The Wasteland,2022,1,tt14017492,Action
1338,Movie,The Jungle,2022,9,tt14029878,Action
1339,Movie,Run & Gun,2022,2,tt14039086,Action
1340,Movie,Yudhra,2022,,tt14056466,Action
1341,Movie,Blacklight,2022,2,tt14060094,Action
1342,Movie,Blindspot Jersey Side Pictures,2022,7,tt14065488,Action
1343,Movie,The Amityville Rising,2022,1,tt14083308,Action
1344,Movie,Sokrushiteli,2022,,tt14084838,Action
1345,Movie,Jin shouzhi,2022,,tt14099796,Action
1346,Movie,North Vegas,2022,,tt14115490,Action
1347,Movie,The Lost and the Brave,2022,,tt14134448,Action
1348,Movie,An Ideal to Die For,2022,10,tt14146702,Action
1349,Movie,Stories Not to Be Told,2022,11,tt14149544,Action
1350,Movie,Wanting,2022,5,tt14148124,Action
1351,Movie,Interceptor,2022,6,tt14174940,Action
1352,Movie,Gasoline Alley,2022,2,tt14174168,Action
1353,Movie,Snowman,2022,12,tt14176480,Action
1354,Movie,Chasing Paper aka Get Rich,2022,2,tt14182094,Action
1355,Movie,El App,2022,10,tt14207604,Action
1356,Movie,Bheemla Nayak,2022,2,tt14209560,Action
1357,Movie,Shooter in Texas,2022,,tt14214790,Action
1358,Movie,Aserb: The Squadron,2022,,tt14216462,Action
1359,Movie,The Full House,2022,6,tt14216000,Action
1360,Movie,Tensión máxima,2022,11,tt14256094,Action
1361,Movie,The Old Man in 318,2022,3,tt14261132,Action
1362,Movie,Rangdaar Shiva,2022,1,tt14263552,Action
1363,Movie,Lady and a Gun,2022,4,tt1428450,Action
1364,Movie,VRChat the Movie,2022,,tt14302656,Action
1365,Movie,The Asphalt Ballad of Lenny Disco,2022,12,tt14315972,Action
1366,Movie,The Kungfu Warrior,2022,7,tt14351490,Action
1367,Movie,The Swiss Guard,2022,,tt14369976,Action
1368,Movie,John 47 - true story,2022,8,tt14403878,Action
1369,Movie,Play,2022,,tt14409082,Action
1370,Movie,A Day to Die,2022,3,tt14412366,Action
1371,Movie,Kontract,2022,none,tt14423288,Action
1372,Movie,Bodyguard Story,2022,,tt14441306,Action
1373,Movie,Pawankhind,2022,2,tt14448632,Action
1374,Movie,Wrath of the Viper Sniper,2022,11,tt14480726,Action
1375,Movie,Si hai,2022,2,tt14509614,Action
1376,Movie,Sardar,2022,10,tt14526318,Action
1377,Movie,Intergalactic PizzaBoy,2022,6,tt14526756,Action
1378,Movie,Last.,2022,6,tt14531318,Action
1379,Movie,"Lockhart: Into the Past, Darkly",2022,,tt14531092,Action
1380,Movie,Teen Titans: Alpha,2022,4,tt14543514,Action
1381,Movie,Rosemary & Sage Race Against Thyme,2022,8,tt14557694,Action
1382,Movie,"Lockhart: Into the Past, Darkly",2022,,tt14562892,Action
1383,Movie,White Crow,2022,,tt14596750,Action
1384,Movie,Doragon boru supa supa hiro,2022,9,tt14614892,Action
1385,Movie,Run Rabbit,2022,,tt14621412,Action
1386,Movie,Any Time Hekdi,2022,1,tt14631268,Action
1387,Movie,Brat 3,2022,12,tt14635416,Action
1388,Movie,Enola Holmes 2,2022,11,tt14641788,Action
1389,Movie,Varchasva,2022,1,tt14644276,Action
1390,Movie,Uncharted,2022,2,tt1464335,Action
1391,Movie,Jessie,2022,7,tt14662188,Action
1392,Movie,The Tomorrow Job,2022,12,tt14672882,Action
1393,Movie,Hell city,2022,3,tt14681174,Action
1394,Movie,Hellcat,2022,1,tt14700636,Action
1395,Movie,Rh-Null,2022,2,tt14715352,Action
1396,Movie,Poker Face,2022,1,tt14714980,Action
1397,Movie,No cuentes lo que viste en los jardines,2022,6,tt14782142,Action
1398,Movie,The Delivered,2022,,tt14816810,Action
1399,Movie,The Devil You Don't,2022,,tt14821086,Action
1400,Movie,The Retirement Plan,2022,,tt14827638,Action
1401,Movie,Killing Angels,2022,,tt1483007,Action
1402,Movie,Rupture,2022,11,tt14831564,Action
1403,Movie,Kálmimor: Slepicí Knez,2022,4,tt14839982,Action
1404,Movie,Altrimenti ci arrabbiamo,2022,3,tt14845950,Action
1405,Movie,Vendetta,2022,7,tt14849038,Action
1406,Movie,Angels' Fire,2022,8,tt14854324,Action
1407,Movie,Neon Knights,2022,,tt14854612,Action
1408,Movie,The Enforcer,2022,9,tt14857730,Action
1409,Movie,Her Inescapable Brave Mission,2022,,tt14857656,Action
1410,Movie,Silent Echo,2022,6,tt14859404,Action
1411,Movie,Blasted: Kumple kontra kosmici,2022,6,tt14866710,Action
1412,Movie,Altayarh,2022,4,tt14873772,Action
1413,Movie,Bull Shark,2022,2,tt14912006,Action
1414,Movie,Section 8,2022,9,tt14950412,Action
1415,Movie,Bloodlands,2022,9,tt14952694,Action
1416,Movie,The Janus Connection,2022,,tt14966248,Action
1417,Movie,The Call 3: End of the Line,2022,7,tt14981646,Action
1418,Movie,Us Too,2022,,tt14991052,Action
1419,Movie,Falla girare,2022,11,tt14998068,Action
1420,Movie,Civan Cengaver,2022,,tt15006202,Action
1421,Movie,Scorched Earth,2022,12,tt15015460,Action
1422,Movie,Rama Rao on Duty,2022,7,tt15028848,Action
1423,Movie,Fantasy Football,2022,11,tt15035506,Action
1424,Movie,Revan: A Star Wars Fan Film,2022,,tt15081196,Action
1425,Movie,Sweet Revenge,2022,7,tt15089900,Action
1426,Movie,Pursuit,2022,2,tt15106860,Action
1427,Movie,Home Operation,2022,,tt15124468,Action
1428,Movie,Sistema Bruto,2022,9,tt15129154,Action
1429,Movie,As Good As Dead,2022,12,tt15131266,Action
1430,Movie,Spicy,2022,,tt15137986,Action
1431,Movie,Divine Soldiers,2022,7,tt15138244,Action
1432,Movie,Shockwaves,2022,9,tt15134742,Action
1433,Movie,Una preghiera per Giuda,2022,,tt15137930,Action
1434,Movie,County Line: All In,2022,5,tt15141144,Action
1435,Movie,County Line: No Fear,2022,,tt15141146,Action
1436,Movie,Army Man,2022,10,tt15161132,Action
1437,Movie,Alchemy of Solitude,2022,8,tt15174536,Action
1438,Movie,Star Heist,2022,,tt15173264,Action
1439,Movie,Greed and Loyalty,2022,6,tt15179380,Action
1440,Movie,Guns of Eden,2022,,tt15180746,Action
1441,Movie,Red Light,2022,,tt15180706,Action
1442,Movie,Green Arrow: Duality,2022,,tt15185330,Action
1443,Movie,Kim Bu Aile?,2022,10,tt15193040,Action
1444,Movie,Haterz,2022,1,tt15215760,Action
1445,Movie,Salvage,2022,,tt15215430,Action
1446,Movie,Noise,2022,1,tt15215468,Action
1447,Movie,Yavuz: Saha Varalim,2022,,tt15225872,Action
1448,Movie,Karma,2022,8,tt15234148,Action
1449,Movie,Hounded,2022,10,tt15241758,Action
1450,Movie,Rise of The Super Soldier: The New Blood,2022,8,tt15243398,Action
1451,Movie,The Squad: Rise of the Chicano Squad,2022,none,tt15249688,Action
1452,Movie,Kaapa,2022,12,tt15251536,Action
1453,Movie,Babbar,2022,3,tt15248456,Action
1454,Movie,Catwoman: Hunted,2022,2,tt15248702,Action
1455,Movie,Nü zi te bie xing dong,2022,,tt15257278,Action
1456,Movie,Out on a Lim,2022,11,tt15281062,Action
1457,Movie,7 Melek,2022,,tt15299702,Action
1458,Movie,Avci 2: Savas Melegi,2022,,tt15299768,Action
1459,Movie,Jetty,2022,11,tt15310188,Action
1460,Movie,Viruman,2022,8,tt15327256,Action
1461,Movie,Three (Qua Som De Chet),2022,9,tt15327170,Action
1462,Movie,Polar,2022,10,tt15327556,Action
1463,Movie,Lion-Girl,2022,,tt15334154,Action
1464,Movie,Martin,2022,,tt15334030,Action
1465,Movie,The Great Escape,2022,,tt15367466,Action
1466,Movie,The Dark Side,2022,,tt15389086,Action
1467,Movie,Corrective Measures,2022,4,tt15391770,Action
1468,Movie,Dr. Jason,2022,1,tt15391274,Action
1469,Movie,World War 4 - the Realism cut,2022,1,tt15391670,Action
1470,Movie,Tewyx,2022,3,tt15413442,Action
1471,Movie,Swayamsevak,2022,,tt15416250,Action
1472,Movie,Bullet,2022,,tt15428374,Action
1473,Movie,Kidô senshi Gundam Cucuruz Doan no shima,2022,6,tt15428330,Action
1474,Movie,Circumstances 3,2022,5,tt15440524,Action
1475,Movie,The Price We Pay,2022,8,tt15441472,Action
1476,Movie,Muleskinner,2022,3,tt15446186,Action
1477,Movie,Die weiße Frau 8: Resurrection,2022,2,tt15463690,Action
1478,Movie,Naachi,2022,,tt15471656,Action
1479,Movie,Kappei,2022,3,tt15469504,Action
1480,Movie,Caballero Águila,2022,1,tt15476992,Action
1481,Movie,Blowback,2022,6,tt1551614,Action
1482,Movie,Anka,2022,1,tt15520090,Action
1483,Movie,We the People,2022,,tt15527346,Action
1484,Movie,The Big Four,2022,12,tt15528292,Action
1485,Movie,Wrath of the Tarot Kings,2022,3,tt15547896,Action
1486,Movie,Cul-de-Sac,2022,,tt15552646,Action
1487,Movie,The Last Robin Hood,2022,,tt15552042,Action
1488,Movie,Dark Asset,2022,,tt15552570,Action
1489,Movie,Young Ronin,2022,,tt15560174,Action
1490,Movie,Bai Ji Kuttange,2022,8,tt15554794,Action
1491,Movie,Tone: World and Music,2022,3,tt15599252,Action
1492,Movie,Yaarukkum Anjael,2022,none,tt15600582,Action
1493,Movie,12 Hours,2022,2,tt15621500,Action
1494,Movie,Dominique,2022,,tt15657528,Action
1495,Movie,The Last Son,2022,9,tt15660112,Action
1496,Movie,Paradise,2022,,tt15677238,Action
1497,Movie,The Yokai King,2022,,tt15709084,Action
1498,Movie,Black Widows,2022,12,tt15708990,Action
1499,Movie,Avatar: The Way of Water,2022,12,tt1630029,Action
1500,Movie,The Gray Man,2022,7,tt1649418,Action
1501,Movie,There Are No Saints,2022,5,tt1655444,Action
1502,Movie,Top Gun: Maverick,2022,5,tt1745960,Action
1503,Movie,The Batman,2022,3,tt1877830,Action
1504,Movie,Secondary Effect,2022,,tt2139801,Action
1505,Movie,The King's Daughter,2022,1,tt2328678,Action
1506,Movie,Добыча,2022,2,tt2357423,Action
1507,Movie,The Dying Breed,2022,,tt2397591,Action
1508,Movie,The Adam Project,2022,3,tt2463208,Action
1509,Movie,Grainne Uaile: The Movie,2022,3,tt2766800,Action
1510,Movie,L'École du Bien et du Mal,2022,10,tt2935622,Action
1511,Movie,JAVELIN,2022,,tt3109388,Action
1512,Movie,Priest : The Whip and the Rise of the Evil,2022,12,tt3155592,Action
1513,Movie,Playing with Fire,2022,,tt3622296,Action
1514,Movie,The Wicked Path,2022,7,tt3711902,Action
1515,Movie,UK Border,2022,,tt3879168,Action
1516,Movie,Panama,2022,3,tt4029412,Action
1517,Movie,The Legend of Maula Jatt,2022,10,tt4139928,Action
1518,Movie,Case Files,2022,12,tt4310384,Action
1519,Movie,Escape the City,2022,,tt4413264,Action
1520,Movie,Paws of Fury: The Legend of Hank,2022,7,tt4428398,Action
1521,Movie,Liger,2022,8,tt4435072,Action
1522,Movie,Mia and the Dragon Princess,2022,,tt4523538,Action
1523,Movie,Islamophobia,2022,9,tt4691770,Action
1524,Movie,Bloody Hands,2022,12,tt4725574,Action
1525,Movie,Scarlett Cross: Agents of D.E.A.T.H.,2022,10,tt4962720,Action
1526,Movie,Ambulance,2022,4,tt4998632,Action
1527,Movie,Morbius,2022,4,tt5108870,Action
1528,Movie,Le Samaritain,2022,8,tt5500218,Action
1529,Movie,Alemão 2,2022,3,tt5617666,Action
1530,Movie,Moonfall,2022,3,tt5834426,Action
1531,Movie,Love Mein,2022,,tt5873376,Action
1532,Movie,Gold,2022,3,tt6020800,Action
1533,Movie,Detainment,2022,12,tt6215624,Action
1534,Movie,Brahmastra Part One: Shiva,2022,9,tt6277462,Action
1535,Movie,The Sleep: Survival Horror - Part One,2022,3,tt6425830,Action
1536,Movie,Black Adam,2022,10,tt6443346,Action
1537,Movie,WarHunt,2022,1,tt6442686,Action
1538,Movie,Andaz Tera Mera,2022,,tt6463730,Action
1539,Movie,Sleeping Dogs,2022,,tt6658268,Action
1540,Movie,Black Crab,2022,3,tt6708668,Action
1541,Movie,Malevolence,2022,,tt6708032,Action
1542,Movie,Everything Everywhere All at Once,2022,5,tt6710474,Action
1543,Movie,Dhruva Natchathiram,2022,12,tt6735802,Action
1544,Movie,The Last Word,2022,7,tt16258068,Action
1545,Movie,Tell the World I Love You,2022,1,tt16697972,Action
1546,Movie,Shadows,2022,5,tt9854058,Action
1547,Movie,Mexican Connection,2022,6,tt16867044,Action
1548,Movie,Devil Doom Karate,2022,3,tt16425304,Action
1549,Movie,Arion Among the Waves,2022,12,tt8312728,Action
1550,Movie,Secret of the Shroud,2022,1,tt15816274,Action
1551,Movie,Thirteen Cars,2022,,tt7089544,Action
1552,Movie,Baabaa,2022,2,tt16117360,Action
1553,Movie,Doctor Strange in the Multiverse of Madness,2022,5,tt9419884,Action
1554,Movie,Yodha,2022,11,tt16139322,Action
1555,Movie,Max Justice,2022,,tt16350358,Action
1556,Movie,Reanimation Team,2022,,tt9888954,Action
1557,Movie,Revolt,2022,9,tt8531020,Action
1558,Movie,Dreamcoin,2022,4,tt16711756,Action
1559,Movie,Kamen Raidâ Ôzu 10th: Fukkatsu no Coa Medaru,2022,3,tt15850452,Action
1560,Movie,Accident Man 2,2022,10,tt9669176,Action
1561,Movie,Alamet,2022,,tt16539472,Action
1562,Movie,Silent Mission,2022,,tt16142214,Action
1563,Movie,Special Delivery,2022,1,tt16529222,Action
1564,Movie,In3dragon,2022,10,tt7498180,Action
1565,Movie,The Longest Run,2022,1,tt16762078,Action
1566,Movie,Tähtsad ninad,2022,,tt15732658,Action
1567,Movie,Blake's Movie,2022,1,tt16442990,Action
1568,Movie,Under the Skin of the Tehran City,2022,1,tt16239160,Action
1569,Movie,Yodha,2022,11,tt16148626,Action
1570,Movie,The Jethroverse: Hollow Victory,2022,3,tt15837542,Action
1571,Movie,Chang jin hu zhi shui men qiao,2022,2,tt16194408,Action
1572,Movie,Los Bastardos,2022,8,tt16315846,Action
1573,Movie,Cybernetic Genesis - La guerra tra i due mondi,2022,,tt16253242,Action
1574,Movie,Juang,2022,9,tt16566428,Action
1575,Movie,One Green Leaf,2022,,tt16304082,Action
1576,Movie,Secret Team 355,2022,5,tt8356942,Action
1577,Movie,Clash of Heroes,2022,2,tt16400820,Action
1578,Movie,La Princesa,2022,2,tt15738214,Action
1579,Movie,Shotgun Wedding,2022,1,tt9686790,Action
1580,Movie,Yashoda,2022,11,tt15710136,Action
1581,Movie,Sanaki,2022,,tt16060038,Action
1582,Movie,The Reborn,2022,,tt16380448,Action
1583,Movie,Syahadan,2022,2,tt16443062,Action
1584,Movie,The Story of Raygada,2022,11,tt16238480,Action
1585,Movie,Witch on the Holy Night,2022,,tt16654056,Action
1586,Movie,Brazen Impact,2022,4,tt16760880,Action
1587,Movie,Gila Gusti,2022,3,tt16607018,Action
1588,Movie,Η γυναίκα βασιλιάς,2022,9,tt8093700,Action
1589,Movie,Vairam,2022,4,tt16446084,Action
1590,Movie,Isaak Ninja,2022,,tt15744628,Action
1591,Movie,Geo-rok-han: de-mun heon-teo-seu,2022,,tt15766876,Action
1592,Movie,Overdose,2022,11,tt15713012,Action
1593,Movie,Wrong Place,2022,8,tt15837458,Action
1594,Movie,Operation Dagon,2022,,tt16450020,Action
1595,Movie,The Hunted,2022,12,tt16102916,Action
1596,Movie,Guys' Stories,2022,,tt16538968,Action
1597,Movie,RRR,2022,3,tt8178634,Action
1598,Movie,Ayngaran,2022,5,tt7023644,Action
1599,Movie,Looop Lapeta,2022,2,tt8907974,Action
1600,Movie,V for Vengeance,2022,6,tt15745084,Action
1601,Movie,Warning 2,2022,7,tt16220010,Action
1602,Movie,Mardini,2022,9,tt16044668,Action
1603,Movie,Cerdo,2022,4,tt15745308,Action
1604,Movie,Black Panther: Wakanda Forever,2022,11,tt9114286,Action
1605,Movie,1945,2022,1,tt16794270,Action
1606,Movie,The Black Belt,2022,6,tt16123454,Action
1607,Movie,DC League of Super-Pets,2022,7,tt8912936,Action
1608,Movie,Northspur,2022,9,tt8709312,Action
1609,Movie,Dragon: The Weapon of God,2022,1,tt9169280,Action
1610,Movie,Road Dogs,2022,,tt16757056,Action
1611,Movie,Krylya nad Berlinom,2022,4,tt16162072,Action
1612,Movie,One Piece Film: Red,2022,9,tt16183464,Action
1613,Movie,Dheeran,2022,,tt15744288,Action
1614,Movie,Vikram,2022,6,tt9179430,Action
1615,Movie,The Final Target,2022,6,tt15839306,Action
1616,Movie,Projekt Adler - Ein letzter Job,2022,2,tt15863566,Action
1617,Movie,Kakababur Protyaborton,2022,2,tt8919364,Action
1618,Movie,Dragon Fury 2,2022,,tt16047734,Action
1619,Movie,Shamshera,2022,7,tt8426926,Action
1620,Movie,Samrat Prithviraj,2022,6,tt9637132,Action
1621,Movie,Devotion,2022,11,tt7693316,Action
1622,Movie,Justice League: TaskForce (Part One),2022,3,tt16116638,Action
1623,Movie,Lego Marvel Spider-Man,2022,12,tt16754906,Action
1624,Movie,Chances,2022,9,tt8531582,Action
1625,Movie,Shadow Creeper,2022,1,tt16758212,Action
1626,Movie,Attack,2022,4,tt7529298,Action
1627,Movie,Cobra,2022,9,tt9466814,Action
1628,Movie,Belle et Sébastien: Nouvelle génération,2022,10,tt16248144,Action
1629,Movie,Sith Wars: Episódio II - O Legado Dos Sith,2022,12,tt16766174,Action
1630,Movie,Legacy,2022,10,tt16549134,Action
1631,Movie,Warriors of Justice,2022,,tt16403544,Action
1632,Movie,Gray People,2022,,tt8309624,Action
1633,Movie,Nenevaru,2022,12,tt16446556,Action
1634,Movie,Collide,2022,8,tt16449394,Action
1635,Movie,Kljuc,2022,2,tt9811300,Action
1636,Movie,Wolf Hound,2022,11,tt7319486,Action
1637,Movie,Jurassic World: Dominion,2022,6,tt8041270,Action
1638,Movie,Dark Heritage,2022,5,tt8749200,Action
1639,Movie,Grave Girl,2022,,tt8763694,Action
1640,Movie,Parya & Derya,2022,6,tt16271756,Action
1641,Movie,Rise of the Teenage Mutant Ninja Turtles,2022,8,tt9784708,Action
1642,Movie,The Final Target,2022,6,tt16058076,Action
1643,Movie,Spiderhead,2022,6,tt9783600,Action
1644,Movie,Suzume's Locking Up,2022,4,tt16428256,Action
1645,Movie,Dharmasthali,2022,1,tt16710662,Action
1646,Movie,Bubble,2022,4,tt16360006,Action
1647,Movie,No Means No,2022,12,tt7624920,Action
1648,Movie,Medieval,2022,11,tt8883486,Action
1649,Movie,Riot for the dove,2022,1,tt15837546,Action
