id_imdb,actor_name
tt17590672,Ioachim Ciobanu
tt17590672,Gheorghe Visu
tt17590672,Oltin Hurezeanu
tt17590672,Kristina Cepraga Goodwin
tt17590672,Nicu Banea
tt17731524,Dave McClain
tt17731524,Mark Christian
tt17731524,Melanie Koussa
tt17731524,Chris Todd Durbin
tt17731524,Martin Skeen
tt18213692,Laird Akeo
tt18213692,Christoph Pieczynski
tt18213692,P.K. Simone
tt18213692,John Anthony Wylliams
tt18213692,Helena St-Laurent
tt19368948,Fotinì Peluso
tt19368948,Federica Rosellini
tt19368948,Simone Coppo
tt19368948,Eleonora De Luca
tt19898506,Carlos Alfredo Lopez
tt19898506,Carlos Serrano
tt19898506,Maritza Vernaza
tt19898506,Ana Sibauste
tt19898506,Marvis O. Pittí
tt20407238,Giuditta Niccoli
tt20407238,Irene Lay
tt20407238,Chiara Berardo
tt20407238,Gianluca Brundo
tt20407238,Barbara Urli
tt20411966,Isabella Nightingale Mercado
tt20411966,Rico Morris
tt20411966,Lutricia Norris
tt20411966,Iveta Drulyte
tt20411966,Karolina Jelonek
tt21065476,Tom Sizemore
tt21065476,Robert LaSardo
tt21065476,Steve Thomason
tt21065476,Tisha Leigh
tt21065476,J. Vazquez
tt22022452,Amy Poehler
tt22022452,Maya Hawke
tt22022452,Kensington Tallman
tt22022452,Liza Lapira
tt22022452,Tony Hale
tt22394800,Ismail Hacioglu
tt22394800,Fikret Kuskan
tt22394800,Yasemin Yalçin
tt22394800,Melisa Pamuk
tt22394800,Buçe Buse Kahraman
tt23461428,Rajinikanth
tt23461428,Vishnu Vishal
tt23461428,K.S. Ravikumar
tt23461428,Dhanya Balakrishna
tt23461428,Tiger Thangadurai
tt23747498,Vladimir Vdovichenkov
tt23747498,Alyona Khmelnitskaya
tt23747498,Liza Moryak
tt23747498,Tatyana Lyutaeva
tt23747498,Viktor Dobronravov
tt24176896,Emin Olcay
tt24176896,Levent Inal
tt24176896,Selim Gülgören
tt24176896,Vanessa Féry
tt24176896,Tugçe Görücü
tt24948640,Devgil
tt24948640,Harshal Gire
tt24948640,Keerthi Krishna
tt24948640,Madhubala
tt24948640,Nikitha
tt25785988,Arben Akis
tt25785988,Kadir Bertan
tt25785988,Gurur Cicekoglu
tt25785988,Busra Gozutok
tt25785988,Bülent Inal
tt26439277,Kuandyk Kystykbaev
tt26439277,Neriyus Mankus
tt26439277,Tolganay Talgat
tt26439277,Bopesh Zhandayev
tt26446278,Pierre Niney
tt26446278,Bastien Bouillon
tt26446278,Anaïs Demoustier
tt26446278,Anamaria Vartolomei
tt26446278,Laurent Lafitte
tt26731216,Karen Abercrombie
tt26731216,Priscilla C. Shirer
tt26731216,Tommy Woodard
tt26731216,Ben VanderMey
tt26731216,Cameron Arnett
tt26731970,Hokuto Matsumura
tt26731970,Mone Kamishiraishi
tt26731970,Sawako Fujima
tt26731970,Haruka Imô
tt26768685,Simi Chahal
tt26768685,Tarsem Jassar
tt27006928,Christopher Clarke
tt27006928,Malcolm Connolly
tt27006928,Darren Haywood
tt27248147,Antonio Haseeb
tt27248147,Laquanda
tt27248147,Kelvin T
tt27439361,Bee Badd
tt27439361,Brandon Bougerious
tt27439361,Tyler Burt
tt27439361,Portia Crawford
tt27439361,Tyeshia Frazier
tt27459160,Shahid Kapoor
tt27459160,Kriti Sanon
tt27459160,Dharmendra
tt27459160,Dimple Kapadia
tt27459160,Rakesh Bedi
tt27478261,Ravi Chandra Arora
tt27478261,Sushanto Arora
tt27478261,Jasmin Bhasin
tt27478261,Aamit Ghosh
tt27478261,Arpita Karmakar
tt27487288,Aleksandr Petrov
tt27487288,Vitaliya Kornienko
tt27487288,Aglaya Tarasova
tt27487288,Mariya Aronova
tt27487288,Sergey Lavygin
tt27496775,Sidse Babett Knudsen
tt27496775,Sebastian Bull
tt27496775,Dar Salim
tt27496775,Marina Bouras
tt27496775,Olaf Johannessen
tt27533338,Emma Weller
tt27533338,Emily Crawford
tt27533338,Kate Brewer
tt27533338,Lily Krodel
tt27533338,Ethan Weller
tt27534307,James McAvoy
tt27534307,Mackenzie Davis
tt27534307,Scoot McNairy
tt27534307,Aisling Franciosi
tt27534307,Alix West Lefler
tt27635887,Elaine Aikens
tt27635887,Ismail Al-Muid
tt27635887,Charity Lovely Badazz Alston
tt27635887,Bee Badd
tt27635887,Felipe Blue
tt27746150,Larissa Anton
tt27746150,Denise Amber Basile
tt27746150,Thomas Goersch
tt27746150,Moritz Hake
tt27746150,Stefan Pescheck
tt27750212,Danielle Burr
tt27750212,Amira Kouidri
tt27750212,Rashawn Glass
tt27750212,Terence R Williams Sr.
tt27750212,Clay Stokes
tt27819388,Kelly Rian Sanson
tt27819388,Chrissie Wunna
tt27819388,Lauren Budd
tt27819388,Natasha Tosini
tt27819388,Danielle Scott
tt27827937,Anya Chipovskaya
tt27827937,Vladimir Yaglych
tt27827937,Kseniya Lukyanchikova
tt27827937,Yuliya Dzutseva
tt27827937,Evgeniya Shakhnovich
tt27850011,Nolan Mick
tt27850011,Itzel J. Velázquez Martínez
tt27850011,Marc Rico Ludwig
tt27850011,Meeland Nicola
tt27951272,Yash Soni
tt27951272,Tarjanee Bhadla
tt27951272,Jitendra Thakkar
tt27951272,Chetan Daiya
tt27951272,Prem Gadhavi
tt28060485,Keith Lakean Powell
tt28060485,Monique Marshall
tt28060485,DeMarcus Bumpers
tt28060485,C Mark Jones
tt28060485,Aaron Peebles
tt28076642,Kimberlee Watson
tt28076642,Laura Frances
tt28076642,Alyssia Rivera
tt28076642,Liz Ciolek
tt28076642,Donato De Luca
tt28221135,Adah Sharma
tt28221135,Purnendu Bhattacharya
tt28221135,Anangsha Biswas
tt28221135,Sanjay Borkar
tt28244012,François Damiens
tt28244012,Salomé Dewaels
tt28244012,Roman Kolinka
tt28244012,Anne Coesens
tt28244012,Franck Trillot
tt28354262,Gideon Firl
tt28354262,Hawal Abdullah
tt28354262,Az Alvarez
tt28354262,Colin Analco
tt27872025,Ceyon Crossfield
tt27872025,Shawndell Buckley
tt27872025,Cassandre Mentor
tt27872025,Liz Rockwell Chartrand
tt27872025,Guy Buller
tt27882632,David Rintoul
tt27882632,Olivia Vinall
tt27882632,Rory Alexander
tt27917744,Wil Johnson
tt27917744,Mayokun Olawale
tt27934120,Maia Hansson Bergqvist
tt27934120,Lisa Larsson
tt27934120,Matheo Lindberg Vivien
tt27934120,Richard Ulfsäter
tt27934120,Carl Wahlqvist
tt28013848,Audrey Dundee Hannah
tt28013848,B.J. Minor
tt28013848,Becky Poole
tt28016665,Neha Fernandes
tt28016665,Pedro Tamames
tt28016665,Simonas Zmuidzinas
tt28020970,Kaze Uzumaki
tt28020970,Marta Shkop
tt28020970,Gedeon Burkhard
tt28020970,Sina Zadra
tt28020970,Ronald Nitschke
tt28061894,Kylee Nicole Peck
tt28061894,Amanda Jayne Jensen
tt28061894,Arielle Fray
tt28061894,Mary Skinner
tt28061894,Susan Chaves Anchia
tt28088582,Karen Rice
tt28088582,Nohemí Castellanos
tt28088582,Angélica Nathalia
tt28088582,Ellam Kelly
tt28088582,Maycol Jean
tt28092756,Paul Sun-Hyung Lee
tt28092756,Ethan Hwang
tt28092756,Colton Royce
tt28092756,Aaron Schwartz
tt28092756,Martin Ortega
tt28187783,Orlaith Markey
tt28187783,Elizabeth G. Moore
tt28187783,Sofia Rodriguez
tt28219803,Stefan Singh
tt28219803,Clint Jordan
tt28219803,Damian Sanchez
tt28219803,Aidan Leary
tt28219803,Molly Reeves
tt28246285,Sarah Jane Duncan
tt28246285,Philip Gill
tt28246285,Benjamin Mason
tt28276201,Dipanwit Dashmohapatra
tt28276201,Chandan Biswal
tt28309833,Angela Wong Carbone
tt28309833,Phil Nee
tt28309833,Aury Krebs
tt28309833,Yolanda Y. Pringle
tt28309833,Silvana Carranza
tt28341583,Valerie Rose Lohman
tt28341583,Tate McMillan
tt28341583,Erica Colarusso
tt28341583,Costadina Buelna
tt28341583,Michael Sullivan
tt28353469,Olivier Huband
tt28353469,Chuku Modu
tt28353469,Rob Shiels
tt28353469,Antonia Thomas
tt28355146,Lydia Jialu Li
tt28355146,Johnny Pozzi
tt28355146,Aja Singletary
tt28355146,Courtney Gabrielle Williams
tt28369850,Monique Meredith
tt28369850,Sinead Fitzgerald
tt28369850,Xavier Garneau-Roughan
tt28369850,Lisa Zhang
tt28369850,Maynard Peel
tt28378158,Billy Chamoun
tt28378158,Jenny Ekman
tt28378158,Johan Eriksson
tt28378158,Andreas Gauffin
tt28378158,Ola Grönlund
tt28448718,Cindi Davis
tt28448718,Melissa Lowe
tt28448718,Stanley Stevenson
tt28448718,Yasmein Ziyad
tt28465848,Sara Oliva
tt28465848,Kathy McCort
tt28465848,Lexy Nitzel
tt28465848,Gerain Arias
tt28465848,Andrew Johnson
tt28458333,Yuliya Aug
tt28458333,Jelena Jakovleva
tt28458333,Luka Nestorovic
tt28458333,Ksenia Plyusnina
tt28458333,Aleksey Shedko
tt28477602,Charin Alvarez
tt28477602,Cheryl Lynn Bruce
tt28477602,Jenifer Goode
tt28477602,James Vincent Meredith
tt28477602,Kelly Owens
tt28478797,Astrid Roos
tt28478797,Denis Eyriey
tt28478797,Jessy Salomée Ugolin
tt28478797,David Chausse
tt28478797,Clara Lefort
tt28487088,Olivia Gray
tt28487088,Charlie Lyne
tt28487088,Bella Straughn
tt28487088,Alastair Coughlan
tt28488077,Martin Nick Alexandersson
tt28488077,Lukas Feurst
tt28488077,John-Gilbert Gröndahl
tt28488077,Doreen Ndagire
tt28488077,Simon Rodriguez
tt28494525,Lorena Noemí Calandi
tt28494525,Rocío Cristina Ramos
tt28494525,Daniel Oslvaldo Saldaño
tt28506198,Sarah Baskin
tt28506198,John Carhart III
tt28506198,Trevor McGhie
tt28506198,Anthony Oberbeck
tt28506198,Elizabeth Paige
tt28512845,Tayla Cecere
tt28512845,Daniel Millar
tt28512845,Nick Buckland
tt28512845,Nick Launchbury
tt28512845,Ellie-May Enright
tt28520039,Maria Almeida
tt28520039,Emil Baikousis
tt28520039,Izabel Bartholomew
tt28520039,Tim Bull
tt28520039,Theodore Daniel
tt28544839,Aïda Gómez
tt28544839,Adriana Rivera
tt28544839,Iria Sáez
tt28544839,Fernando Rojo
tt28544839,Laura Contreras
tt28554227,TK Boyce
tt28554227,Simon Chen
tt28554227,Michael Matise
tt28554227,Key Taw
tt28555262,Gabriel Díaz
tt28555262,Yolanda Lara
tt28555262,Ricardo Morfín
tt28619507,Scot Scurlock
tt28619507,Christopher Hill
tt28619507,Kahlid Elijah Tapia
tt28619507,Joe Cook
tt28619507,Collin O'Neill
tt28642137,Elsie Arisa
tt28642137,Tsalta Baptiste
tt28642137,Jax Binkert
tt28642137,Kiana Clemente
tt28642137,Demetre Durham
tt28658767,Shannon Browning
tt28658767,David Ghetti
tt28658767,Sharni Joan
tt28658767,Malina Kelderman
tt28658767,Jeremy Neofytos
tt28664089,Effie Cacarnakis
tt28664089,Drew Crocker
tt28664089,William Bonnell
tt28664089,Robin D. Stanton
tt28671886,Kate Godfrey
tt28671886,David Sullivan
tt28671886,Joyce Guy
tt28671886,Garrett Ryan
tt28671886,Mitchell Gregorio
tt28695597,Sharrie McCain
tt28695597,Patrick Bean Jr.
tt28695597,Tercola Durham
tt28695597,Brad Eaton
tt28742471,Alfronto
tt28742471,Solena Botsford
tt28742471,Ro James
tt28742471,I.J. Meach
tt28743220,Joyia D. Bradley
tt28743220,Shanel Cheatham
tt28743220,Maya Smoot
tt28743220,Jacob A. Ware
tt28751935,Lucy Bryan
tt28751935,Christabel Clark
tt28754110,Keith David
tt28754110,Angelica Ross
tt28754110,Zolee Griggs
tt28754110,Coty Galloway
tt28754110,Marion Toro
tt28755559,Jeremy Zocca
tt28755559,Louise Froideval
tt28757041,Edmund Dehn
tt28757041,Melissandre St. Hilaire
tt28757041,Cody Hall
tt28759683,Justin Miles
tt28759683,Rob Brownstein
tt28759683,Olivia Castanho
tt28759683,Michele Love Santoro
tt28759683,George Howard Adams
tt28760888,Logan Findlay
tt28760888,Steve Jackson
tt28760888,Ivan Laslett
tt28760888,Maisie Preston
tt28760888,Christine Steel
tt28757446,Kaushik Nath
tt28768922,Rohan Maletira
