id_imdb,actor_name
tt30275493,Karen Barredo
tt30275493,Emma Cavell
tt30275493,Monika Chasi
tt30275493,Guglielmo Maria D'Avino
tt30275493,Carys G. Daroy
tt30364726,Ra Mi-ran
tt30364726,Gong Myoung
tt30364726,Yeom Hye-ran
tt30364726,Park Byeong-eun
tt30364726,Jang Yoon-ju
tt30395619,Natsuki Hanae
tt30395619,Kengo Kawanishi
tt30395619,Akari Kitô
tt30395619,Yoshitsugu Matsuoka
tt30395619,Hiro Shimono
tt30415138,Shakib Khan
tt30415138,Mimi Chakraborty
tt30415138,Chanchal Chowdhury
tt30415138,Masuma Rahman Nabila
tt30425001,Yuri Kolokolnikov
tt30425001,Daniil Vorobyov
tt30425001,Tikhon Zhiznevskiy
tt30425001,Diana Enakaeva
tt30425001,Aleksandr Mizev
tt30446975,Alexander Sandoval Tapia
tt30485382,Pradeep Raj
tt30485382,Satyakam Anand
tt30485382,Mahesh Balraj
tt30485382,Ashutosh Sagar
tt30476573,Peter Pham
tt30476573,Silvio Simac
tt30476573,Simon Kook
tt30476573,Ado Dulas
tt30476573,Pavel Skliar
tt30609082,Joshua Carter
tt30609082,Jace Carter
tt30609082,Jordyn Barnett
tt30609082,Christian Hernandez
tt30661504,Blerim Destani
tt30661504,Noizy
tt30661504,Arben Bajraktaraj
tt30661504,Flonja Kodheli
tt30661504,James Biberi
tt30698096,Chen Bo-lin
tt30698096,Kent Tsai
tt30698096,J.C. Lin
tt30698096,Frederick Ming Zhong Lee
tt30698096,Cecilia Choi
tt30768673,Alexandre Machafer
tt30768673,Roberto Bomtempo
tt30768673,Ricardo Soares
tt30768673,Cyria Coentro
tt30768673,Roney Villela
tt30777379,Arpan Das
tt30777379,Srijla Guha
tt30777379,Roy Angana
tt30777379,Ambarish Bhattacharya
tt30808927,Kimberly Alcantara
tt30808927,David Calderon
tt30808927,Lenzie Chao
tt30808927,James Contini
tt30808927,Jessie Cruz
tt30810211,Livania Carnello
tt30810211,Ashrana Chanderanberg
tt30810211,Sandile Dlamini
tt30810211,Bruce Gounder
tt30810211,Ryan Mayne
tt30828548,Nalaka Daluwaththa
tt30828548,Kelum Kularathne
tt30828548,Sheran Peiris
tt30828548,Sudeeksha Samadhi
tt30828548,Sanju Samarasinghe
tt30842302,Brendan Bean
tt30842302,Abigail Boyce
tt30842302,Hugo Diaz
tt30842302,James Douglas Dillon
tt30842302,Ashford Kamau
tt30842823,Edward Chen
tt30842823,Patty Pei-Yu Lee
tt30842823,Alyssa Chia
tt30842823,Michael Jong-Quin Huang
tt30850554,Adrián Suar
tt30850554,Maggie Civantos
tt30850554,José Eduardo Derbez
tt30850554,Tsahi Halevi
tt30850554,Charo López
tt30850912,Meg Fox
tt30850912,Sylve Sta
tt30850912,Arnold Sw
tt30869046,Gustavo Angarita
tt30869046,Didier Ante
tt30869046,Jhonatan Ante
tt30869046,Andrés Benavides
tt30869046,Andrés Bustamante
tt30887725,Sophia Albarakbah
tt30887725,A. Galak
tt30887725,Jalaluddin Hassan
tt30887725,Shah Hazvee
tt30887725,Ikhram Juhari
tt30895352,Antonio Bandera
tt30895352,Mel Gib
tt30895352,Will Smi
tt30957694,Teeradetch Metawarayut
tt30957694,Chutavuth Pattarakampol
tt30957694,Ranchrawee Uakoolwarawat
tt30957694,Chookiat Iamsook
tt30957694,Thongthong Mokjok
tt30958950,Aaron Kwok
tt30958950,Richie Jen
tt30958950,Ka-Tung Lam
tt30958950,Maggie Ho-yee Cheung
tt30958950,Suet Lam
tt30961629,Bruce Will
tt30970075,Chan Davis
tt30970075,Cha Johnson
tt30970075,Lael Mathis
tt30970075,Martha Simmons
tt30970075,Dennis White
tt30970235,Yami Gautam
tt30970235,Mohan Agashe
tt30970235,Sukhita Aiyar
tt30970235,Raj Arjun
tt30970690,Essence Adam
tt30970690,Gary Bell
tt30970690,Gary Brown
tt30970690,Ethan Clark
tt30970690,Charles A. Conley
tt30972810,Miao Xie
tt30972810,Enyou Yang
tt30972810,Tao Huang
tt30972810,Kuishan Pei
tt30972810,Pema Jyad
tt30979442,Matshepo Maleme
tt30979442,Jeffrey Sekele
tt30979442,Joey Hensen
tt30979442,Josephine Zukiswa
tt30979442,Phistus Maake
tt30981375,Liam Reeves
tt30981375,Kean Revil
tt30984911,Amir
tt30984911,Talha Kemiksiz
tt30984911,Umeyr Kemiksiz
tt30984911,Taner
tt30984911,Tansel
tt30985567,Nikia Briggs Kia B
tt30985567,Chris Ballinger
tt30985567,Joshua J. Black
tt30985567,Nathan Bradford
tt30985567,Leila Brown
tt30985568,Mayur Chauhan
tt30985568,Jagjeetsinh Vadher
tt30985568,Dharmendra Gohil
tt30985568,Deeksha Joshi
tt30985568,Reeva Rachh
tt30990790,Taisei Sakai
tt30990790,Aoto Watanabe
tt30990790,Erica Murakami
tt30990790,Yuzuki Hirakawa
tt30990790,So Kaku
tt30990872,Taisei Sakai
tt30990872,Aoto Watanabe
tt30990872,Erica Murakami
tt30990872,Yuzuki Hirakawa
tt30990872,So Kaku
tt30997271,Robert Dow
tt30997271,Mark Rufo
tt30996130,Tim Barber
tt30996130,Anthony Fernandes
tt30996130,Eric Kofi Jr.
tt30996130,Elona Gagani
tt30996130,Nat Owusu Walters
tt31022272,Livi Ciananta
tt31022272,Ariyo Wahab
tt31022272,Nadila Ernesta
tt31022272,Reza Hilman
tt31022272,Macho Hungan
tt31023788,Josiah Bennetone
tt31023788,Nelson J. Davis
tt31023788,Monique Marshall
tt31023788,Joe McAlear
tt31023788,Amiri Koronz Thompson
tt31038701,Amy Fantasy
tt31038701,Doctor Kleever
tt31038701,Ashley Lane
tt31038701,Trevor Overton
tt31038701,Devynn Christina Verdos
tt31048146,Ahmed El Awadi
tt31048146,Zeina
tt31048146,Hussein Fahmy
tt31048146,Salah Abdullah
tt31068530,Janit Bhutani
tt31540711,Sean M.D.
tt31540711,Alyssa Shadow
tt31540711,Conor Brett
tt31540711,Theo Moers
tt31540711,Ray Si
tt31541374,Barlo Duran
tt31541374,Lungi Lemonier
tt31541374,Yan Ruiz
tt31541374,Lior Selve
tt31576267,Ross K. Foad
tt31576267,Allana Victoria Blood
tt31577864,Orson Mochizuki
tt31577864,Arjun Kalari
tt31577864,Krishnadas Murali
tt31577864,Kenzo
tt31577864,Jyothish Jyo
tt31579824,Tré Boyd
tt31579824,Javon Clarke
tt31579824,Julian Bumatay
tt31579824,Jackson Wright
tt31579824,Joshua 'JD' Jones
tt31615199,Ron Hall
tt31615199,Miguel Peralta
tt31615199,Roxy Linda Vazquez
tt31624615,Akalanka Prabashwara
tt31624615,Amapani Galmangoda
tt31624615,Sandun Lakshan
tt31624615,Malintha Praveen
tt31624615,Dilshan Supun
tt31630664,Mikkel Viese Alberg
tt31630664,Christian Møller
tt31630664,Tobias Chau Poulsen
tt31630664,Nikolaj Rose
tt31630664,Nickolaj Risgaard Sørensen
tt31631682,Timothy Turner
tt31631682,Roane Borger
tt31631682,Johnathan Lopez
tt31631682,John Ferguson
tt31703380,Peter Choi
tt31703380,Jarred Land
tt31703380,Hafsa Munir
tt31703380,Bobby Tonelli
tt31703380,Masayasu Watanabe
tt31704623,Florence Fauquet
tt31704623,Jisca Kalvanda
tt31704656,Nathan Tarver
tt31704656,Tony Cole
tt31704656,Eddie Cole
tt31704656,Edwin Lakes
tt31704656,Harry Quinn
tt31704752,Tony Cole
tt31704752,Pauli Janhunen Calderón
tt31704752,David Anghel
tt31704752,Eddie Cole
tt31704752,Emilio Janhunen Calderón
tt31709095,Matthew Stephen Smith
tt31710545,Zack Gergel
tt31710545,Eliza Fall
tt31710545,Nick Easterling
tt31326105,Logan Davis
tt31326105,Zach Davis
tt31711230,Gavin Briggs
tt31711230,AmyJo Fiery
tt31712621,Red Herzog
tt31712621,Jo D
tt31712621,Michael Rock
tt31726942,Brandon J Minor
tt31726942,Brittnee Williams
tt31726942,Angel Sims
tt31726942,Joshua Quandah
tt31726942,Mykal Bailey
tt31789254,Dneail
tt31789254,Artificial Intelligence
tt31797440,California Albert
tt31797440,Jai Brandon
tt31797440,Aracely Gonzalez
tt31797440,Daisy Elizabeth Gonzalez
tt31797440,Nathan Timothy Gonzalez
tt31805176,Drayton Williams
tt31805176,Hunter Williams
tt31805176,Terran Mikaela
tt31805176,Jack Smith
tt31805176,Ethan Hartman
tt31805769,Kissan Desai
tt31805769,Jalen Hayes
tt31805769,Ian Medrano
tt31829160,Julie Murphy
tt31829160,Fiona Finneran
tt31829160,Joseph Larkin
tt31829160,Jacob Pensky
tt31829160,Ava Calhoun
tt31830826,David Mora
tt31830826,Christian Caner
tt31830826,Juli Mira
tt31830826,Kino Gil
tt31830826,Xavi Mira
tt31830978,Angus Rundell
tt31830978,Benjamin Pritchard
tt31830978,Will Grant-McInnes
tt31830978,Zakary Giles
tt31830978,Lachlan Rundell
tt31851449,Rachel Maclean
tt31852656,Adam Burke
tt31852656,Joy Ford
tt31852656,Carter Monahan
tt31852656,Mike Bredon
tt31852656,Sydney Asthon
tt31862089,Anand
tt31864323,Simon Schärmeli
tt31864323,Ramon Wild
tt31867400,Clint Esposito
tt31867400,Zoltán Hódi
tt31905542,Jeanne Solange Ramin
tt31905542,Leslie Susana Campbell
tt31905542,Daniel Duarte
tt31908967,Bruce Chong
tt31908967,Samuel Mak
tt31908967,Lorraine Tai
tt31908967,Quang Luong
tt31908967,Aaron Lo
tt31911798,Héctor Esteller
tt31911798,Leticia Esteller
tt31922005,Andrea Harhoff
tt31922005,Kadin Miles Wong
tt31922005,Speedy Valente
tt31922005,Sebastian Stark
tt31922005,Nick Tomassetti
tt31936680,Anthony Reno
tt31936680,Steven Shelby
tt31936680,JP Valenti
tt31936680,Thomas Patrick Ryan Watson
tt31943613,Sam Benjamin
tt31943613,Rupert Charmak
tt31943613,Alex Montagnani
tt31943613,Robert Shannon
tt31943613,Neven Pilipovic
tt31947265,Michael Hel
tt31947265,Kevin Le
tt31956498,The Pickler
tt31956498,Ya Boy Doug
tt31956498,What Sandwich
tt31956498,Irone Singleton
tt31956788,Muddana Chaitanya Abhiram
tt31956961,Aaron Aziz
tt31956961,Remy Ishak
tt31956961,Syafiq Kyle
tt31956961,Shah Reza Mohd Shah
tt31956961,Mimi Lana
tt31960875,Jai Akash
tt31960875,Anash
tt31960875,Jey Dev
tt31960875,Dharsan
tt31960875,Gowtham
tt31963001,Wingsze Chung
tt31963001,Elisha Howe
tt31963001,Nisaro Karim
tt31963001,Nick Khan
tt31963001,Joe Kirton
tt31969822,Rodrig Andrisan
tt31969822,Natalie Cameron Ward
tt31969951,Rodrig Andrisan
tt31969951,Natalie Cameron Ward
tt31970020,Rodrig Andrisan
tt31970020,Natalie Cameron Ward
tt31968832,Saif Elmousa
tt31968832,Nussair Nussairat
tt31968832,Kareem El-Mousa
tt31973510,Rebecca Galarza
tt31973510,Khalil' La'Marr Pickett
tt31973510,Abriann Tolentino
tt31973510,Dewayne Williams
tt31973880,Brianna Paige Arsement
tt31973880,Chase Bradshaw
tt31973880,Alex Martin
tt31973880,Jessica Stacy
